order_id,user_id,event_id,timestamp,amount_rub,is_first_order,delivery_minutes
ord_000000,user_00000,evt_00000002,2025-10-21 00:00:00,476.35,1,35
ord_000001,user_00000,evt_00000008,2025-11-22 00:00:00,817.89,0,35
ord_000002,user_00000,evt_00000025,2026-02-19 00:00:00,719.95,0,35
ord_000003,user_00000,evt_00000029,2026-03-12 00:00:00,608.35,0,25
ord_000004,user_00001,evt_00000046,2025-12-11 00:00:00,946.56,1,25
ord_000005,user_00001,evt_00000047,2025-12-15 00:00:00,1113.79,0,25
ord_000006,user_00002,evt_00000075,2025-10-14 00:00:00,566.7,1,45
ord_000007,user_00002,evt_00000091,2026-01-08 00:00:00,1060.18,0,35
ord_000008,user_00002,evt_00000105,2026-03-21 00:00:00,1637.84,0,90
ord_000009,user_00003,evt_00000115,2025-10-06 00:00:00,2487.9,1,60
ord_000010,user_00003,evt_00000120,2025-11-03 00:00:00,4182.78,0,25
ord_000011,user_00003,evt_00000127,2025-11-26 00:00:00,2561.91,0,25
ord_000012,user_00003,evt_00000150,2026-04-09 00:00:00,1801.57,0,25
ord_000013,user_00004,evt_00000158,2025-10-30 00:00:00,659.68,1,35
ord_000014,user_00004,evt_00000159,2025-10-30 00:00:00,1214.35,0,45
ord_000015,user_00004,evt_00000176,2026-02-18 00:00:00,1000.76,0,35
ord_000016,user_00005,evt_00000200,2025-12-22 00:00:00,1982.92,1,60
ord_000017,user_00005,evt_00000206,2026-02-17 00:00:00,1172.79,0,35
ord_000018,user_00006,evt_00000225,2025-11-04 00:00:00,1342.28,1,35
ord_000019,user_00006,evt_00000230,2025-12-15 00:00:00,963.01,0,45
ord_000020,user_00006,evt_00000231,2025-12-18 00:00:00,1022.55,0,25
ord_000021,user_00006,evt_00000233,2026-01-04 00:00:00,485.2,0,25
ord_000022,user_00006,evt_00000238,2026-02-23 00:00:00,950.82,0,35
ord_000023,user_00006,evt_00000240,2026-03-02 00:00:00,1124.62,0,35
ord_000024,user_00006,evt_00000241,2026-03-03 00:00:00,467.34,0,35
ord_000025,user_00006,evt_00000246,2026-03-16 00:00:00,760.39,0,35
ord_000026,user_00007,evt_00000270,2026-01-24 00:00:00,1421.71,1,35
ord_000027,user_00007,evt_00000272,2026-01-29 00:00:00,807.66,0,60
ord_000028,user_00007,evt_00000274,2026-01-30 00:00:00,649.69,0,45
ord_000029,user_00007,evt_00000278,2026-02-23 00:00:00,550.04,0,45
ord_000030,user_00007,evt_00000279,2026-03-03 00:00:00,917.74,0,35
ord_000031,user_00008,evt_00000304,2026-01-05 00:00:00,1709.73,1,35
ord_000032,user_00008,evt_00000310,2026-02-04 00:00:00,954.98,0,25
ord_000033,user_00008,evt_00000315,2026-02-16 00:00:00,822.45,0,35
ord_000034,user_00009,evt_00000352,2026-01-01 00:00:00,1022.67,1,35
ord_000035,user_00009,evt_00000354,2026-01-10 00:00:00,1212.67,0,25
ord_000036,user_00009,evt_00000358,2026-01-26 00:00:00,1091.75,0,35
ord_000037,user_00010,evt_00000378,2025-10-27 00:00:00,759.75,1,60
ord_000038,user_00010,evt_00000387,2026-01-22 00:00:00,1033.69,0,90
ord_000039,user_00010,evt_00000404,2026-04-25 00:00:00,445.74,0,35
ord_000040,user_00011,evt_00000414,2025-11-22 00:00:00,704.2,1,25
ord_000041,user_00012,evt_00000438,2025-10-16 00:00:00,689.27,1,25
ord_000042,user_00012,evt_00000459,2026-02-20 00:00:00,1205.46,0,45
ord_000043,user_00012,evt_00000462,2026-02-22 00:00:00,1107.64,0,25
ord_000044,user_00012,evt_00000464,2026-03-05 00:00:00,946.07,0,25
ord_000045,user_00012,evt_00000469,2026-04-25 00:00:00,1071.98,0,25
ord_000046,user_00013,evt_00000472,2025-10-28 00:00:00,782.16,1,25
ord_000047,user_00013,evt_00000490,2026-02-16 00:00:00,1631.35,0,25
ord_000048,user_00013,evt_00000493,2026-03-29 00:00:00,1165.35,0,25
ord_000049,user_00014,evt_00000498,2025-10-02 00:00:00,888.86,1,25
ord_000050,user_00014,evt_00000509,2025-12-22 00:00:00,448.89,0,25
ord_000051,user_00014,evt_00000511,2026-01-17 00:00:00,1074.92,0,25
ord_000052,user_00014,evt_00000514,2026-02-03 00:00:00,569.8,0,60
ord_000053,user_00015,evt_00000534,2025-10-09 00:00:00,1684.93,1,25
ord_000054,user_00015,evt_00000543,2025-12-06 00:00:00,875.44,0,25
ord_000055,user_00015,evt_00000560,2026-04-09 00:00:00,750.24,0,35
ord_000056,user_00018,evt_00000625,2025-10-15 00:00:00,864.06,1,25
ord_000057,user_00018,evt_00000630,2025-10-28 00:00:00,1169.81,0,45
ord_000058,user_00018,evt_00000640,2025-12-28 00:00:00,1321.07,0,25
ord_000059,user_00018,evt_00000642,2026-01-16 00:00:00,716.4,0,35
ord_000060,user_00018,evt_00000651,2026-03-02 00:00:00,497.25,0,25
ord_000061,user_00019,evt_00000683,2026-03-14 00:00:00,1186.24,1,25
ord_000062,user_00019,evt_00000688,2026-04-13 00:00:00,682.81,0,45
ord_000063,user_00019,evt_00000690,2026-04-18 00:00:00,952.77,0,35
ord_000064,user_00020,evt_00000706,2025-12-10 00:00:00,2072.84,1,35
ord_000065,user_00021,evt_00000737,2025-12-02 00:00:00,860.96,1,90
ord_000066,user_00022,evt_00000760,2025-11-02 00:00:00,1181.42,1,45
ord_000067,user_00022,evt_00000780,2026-02-03 00:00:00,973.16,0,45
ord_000068,user_00023,evt_00000806,2025-11-25 00:00:00,1841.98,1,60
ord_000069,user_00023,evt_00000807,2025-11-27 00:00:00,2056.37,0,25
ord_000070,user_00023,evt_00000820,2026-02-25 00:00:00,1382.18,0,35
ord_000071,user_00025,evt_00000889,2026-01-11 00:00:00,1441.43,1,45
ord_000072,user_00025,evt_00000895,2026-01-30 00:00:00,1992.19,0,35
ord_000073,user_00025,evt_00000898,2026-02-25 00:00:00,1839.38,0,25
ord_000074,user_00025,evt_00000904,2026-03-24 00:00:00,1496.33,0,35
ord_000075,user_00025,evt_00000906,2026-04-04 00:00:00,2155.73,0,35
ord_000076,user_00026,evt_00000924,2026-01-31 00:00:00,1060.18,1,35
ord_000077,user_00026,evt_00000925,2026-02-06 00:00:00,815.92,0,25
ord_000078,user_00026,evt_00000928,2026-02-22 00:00:00,1296.12,0,25
ord_000079,user_00027,evt_00000954,2025-12-01 00:00:00,1562.8,1,25
ord_000080,user_00028,evt_00000996,2026-01-19 00:00:00,914.09,1,35
ord_000081,user_00028,evt_00001003,2026-02-22 00:00:00,629.02,0,35
ord_000082,user_00029,evt_00001020,2025-10-26 00:00:00,1561.94,1,45
ord_000083,user_00029,evt_00001038,2026-01-14 00:00:00,496.63,0,90
ord_000084,user_00030,evt_00001058,2025-10-14 00:00:00,393.27,1,90
ord_000085,user_00030,evt_00001064,2025-11-13 00:00:00,997.61,0,25
ord_000086,user_00030,evt_00001066,2025-11-25 00:00:00,1087.66,0,60
ord_000087,user_00030,evt_00001076,2025-12-29 00:00:00,812.64,0,35
ord_000088,user_00030,evt_00001090,2026-03-03 00:00:00,889.37,0,60
ord_000089,user_00030,evt_00001091,2026-03-04 00:00:00,810.17,0,60
ord_000090,user_00031,evt_00001114,2026-01-21 00:00:00,804.52,1,45
ord_000091,user_00031,evt_00001122,2026-03-11 00:00:00,1082.38,0,45
ord_000092,user_00032,evt_00001136,2025-11-21 00:00:00,984.42,1,35
ord_000093,user_00032,evt_00001143,2025-12-21 00:00:00,1141.0,0,35
ord_000094,user_00032,evt_00001144,2025-12-22 00:00:00,1007.5,0,45
ord_000095,user_00032,evt_00001145,2025-12-28 00:00:00,997.47,0,25
ord_000096,user_00032,evt_00001148,2026-01-29 00:00:00,847.06,0,35
ord_000097,user_00032,evt_00001152,2026-04-01 00:00:00,841.6,0,25
ord_000098,user_00033,evt_00001163,2025-10-20 00:00:00,1660.76,1,35
ord_000099,user_00033,evt_00001169,2025-11-15 00:00:00,2118.03,0,60
ord_000100,user_00034,evt_00001198,2025-10-15 00:00:00,1084.58,1,25
ord_000101,user_00034,evt_00001205,2025-11-22 00:00:00,1198.09,0,25
ord_000102,user_00034,evt_00001212,2025-12-28 00:00:00,744.14,0,35
ord_000103,user_00034,evt_00001213,2025-12-29 00:00:00,673.45,0,25
ord_000104,user_00034,evt_00001226,2026-03-13 00:00:00,747.64,0,45
ord_000105,user_00034,evt_00001232,2026-04-13 00:00:00,738.8,0,35
ord_000106,user_00035,evt_00001244,2025-10-15 00:00:00,1654.64,1,35
ord_000107,user_00035,evt_00001246,2025-10-19 00:00:00,1154.27,0,45
ord_000108,user_00035,evt_00001248,2025-10-31 00:00:00,721.29,0,25
ord_000109,user_00035,evt_00001249,2025-11-07 00:00:00,1590.44,0,45
ord_000110,user_00035,evt_00001253,2025-12-23 00:00:00,1014.92,0,25
ord_000111,user_00035,evt_00001261,2026-01-26 00:00:00,1473.94,0,25
ord_000112,user_00035,evt_00001267,2026-02-25 00:00:00,1982.11,0,25
ord_000113,user_00035,evt_00001276,2026-04-02 00:00:00,2192.8,0,35
ord_000114,user_00035,evt_00001277,2026-04-19 00:00:00,1555.82,0,25
ord_000115,user_00035,evt_00001280,2026-04-21 00:00:00,1019.87,0,45
ord_000116,user_00036,evt_00001286,2025-10-22 00:00:00,435.33,1,90
ord_000117,user_00036,evt_00001305,2026-03-05 00:00:00,1061.91,0,35
ord_000118,user_00036,evt_00001314,2026-04-09 00:00:00,654.35,0,60
ord_000119,user_00036,evt_00001316,2026-04-13 00:00:00,500.66,0,25
ord_000120,user_00037,evt_00001341,2026-02-04 00:00:00,997.9,1,35
ord_000121,user_00037,evt_00001342,2026-02-14 00:00:00,488.99,0,35
ord_000122,user_00038,evt_00001357,2025-10-14 00:00:00,1255.46,1,45
ord_000123,user_00038,evt_00001365,2025-11-21 00:00:00,803.72,0,45
ord_000124,user_00038,evt_00001367,2025-12-14 00:00:00,817.93,0,35
ord_000125,user_00038,evt_00001372,2025-12-23 00:00:00,913.1,0,90
ord_000126,user_00039,evt_00001386,2025-10-01 00:00:00,838.54,1,90
ord_000127,user_00039,evt_00001388,2025-10-10 00:00:00,958.31,0,25
ord_000128,user_00039,evt_00001391,2025-10-30 00:00:00,787.17,0,25
ord_000129,user_00039,evt_00001414,2026-02-25 00:00:00,698.91,0,25
ord_000130,user_00039,evt_00001418,2026-03-12 00:00:00,1138.61,0,35
ord_000131,user_00039,evt_00001422,2026-03-24 00:00:00,397.46,0,35
ord_000132,user_00040,evt_00001433,2025-10-26 00:00:00,947.26,1,25
ord_000133,user_00040,evt_00001457,2026-04-10 00:00:00,878.96,0,35
ord_000134,user_00041,evt_00001477,2025-12-02 00:00:00,1421.08,1,35
ord_000135,user_00041,evt_00001500,2026-02-23 00:00:00,1570.88,0,35
ord_000136,user_00041,evt_00001508,2026-04-07 00:00:00,1093.7,0,25
ord_000137,user_00042,evt_00001519,2026-01-06 00:00:00,3691.01,1,60
ord_000138,user_00042,evt_00001539,2026-03-10 00:00:00,3032.45,0,25
ord_000139,user_00042,evt_00001540,2026-03-17 00:00:00,2606.63,0,45
ord_000140,user_00043,evt_00001549,2025-10-24 00:00:00,2355.28,1,25
ord_000141,user_00043,evt_00001554,2025-11-13 00:00:00,1714.03,0,35
ord_000142,user_00043,evt_00001557,2025-11-28 00:00:00,2043.37,0,35
ord_000143,user_00043,evt_00001559,2025-12-12 00:00:00,162.16,0,35
ord_000144,user_00043,evt_00001564,2026-01-12 00:00:00,554.24,0,45
ord_000145,user_00043,evt_00001570,2026-02-09 00:00:00,1176.3,0,60
ord_000146,user_00043,evt_00001589,2026-04-24 00:00:00,1428.0,0,25
ord_000147,user_00044,evt_00001596,2025-10-18 00:00:00,712.68,1,60
ord_000148,user_00044,evt_00001620,2026-02-23 00:00:00,580.84,0,35
ord_000149,user_00045,evt_00001632,2025-10-06 00:00:00,1740.71,1,35
ord_000150,user_00046,evt_00001688,2026-01-17 00:00:00,519.34,1,35
ord_000151,user_00046,evt_00001699,2026-03-25 00:00:00,1064.43,0,45
ord_000152,user_00046,evt_00001700,2026-04-03 00:00:00,678.86,0,60
ord_000153,user_00047,evt_00001721,2025-12-22 00:00:00,989.39,1,35
ord_000154,user_00047,evt_00001724,2026-01-07 00:00:00,1425.06,0,35
ord_000155,user_00047,evt_00001746,2026-04-22 00:00:00,694.06,0,35
ord_000156,user_00048,evt_00001763,2025-12-19 00:00:00,319.25,1,35
ord_000157,user_00048,evt_00001767,2026-01-20 00:00:00,832.75,0,35
ord_000158,user_00048,evt_00001771,2026-02-09 00:00:00,480.02,0,25
ord_000159,user_00049,evt_00001784,2025-10-12 00:00:00,827.49,1,45
ord_000160,user_00049,evt_00001791,2025-11-26 00:00:00,943.9,0,35
ord_000161,user_00049,evt_00001796,2025-12-31 00:00:00,849.05,0,25
ord_000162,user_00049,evt_00001800,2026-01-08 00:00:00,569.53,0,45
ord_000163,user_00049,evt_00001803,2026-01-10 00:00:00,814.91,0,25
ord_000164,user_00049,evt_00001810,2026-02-12 00:00:00,524.7,0,25
ord_000165,user_00049,evt_00001815,2026-02-24 00:00:00,893.14,0,45
ord_000166,user_00049,evt_00001816,2026-03-01 00:00:00,661.68,0,60
ord_000167,user_00049,evt_00001821,2026-03-27 00:00:00,932.43,0,35
ord_000168,user_00050,evt_00001833,2025-11-14 00:00:00,842.71,1,25
ord_000169,user_00050,evt_00001838,2025-12-21 00:00:00,72.87,0,35
ord_000170,user_00050,evt_00001842,2026-01-20 00:00:00,1102.59,0,45
ord_000171,user_00050,evt_00001857,2026-04-05 00:00:00,749.25,0,35
ord_000172,user_00051,evt_00001858,2025-10-06 00:00:00,966.36,1,45
ord_000173,user_00051,evt_00001868,2025-11-19 00:00:00,904.28,0,25
ord_000174,user_00051,evt_00001871,2025-12-02 00:00:00,1004.46,0,35
ord_000175,user_00051,evt_00001876,2025-12-22 00:00:00,544.12,0,45
ord_000176,user_00051,evt_00001885,2026-01-30 00:00:00,889.85,0,35
ord_000177,user_00051,evt_00001887,2026-02-26 00:00:00,819.77,0,35
ord_000178,user_00051,evt_00001895,2026-04-04 00:00:00,831.5,0,45
ord_000179,user_00051,evt_00001896,2026-04-04 00:00:00,1180.7,0,35
ord_000180,user_00051,evt_00001897,2026-04-26 00:00:00,1483.85,0,25
ord_000181,user_00052,evt_00001907,2025-11-28 00:00:00,862.82,1,25
ord_000182,user_00052,evt_00001908,2025-11-29 00:00:00,872.31,0,35
ord_000183,user_00052,evt_00001925,2026-02-25 00:00:00,1019.27,0,25
ord_000184,user_00054,evt_00001973,2026-02-15 00:00:00,1489.27,1,60
ord_000185,user_00054,evt_00001978,2026-04-04 00:00:00,2039.26,0,35
ord_000186,user_00055,evt_00001985,2025-10-07 00:00:00,1718.22,1,90
ord_000187,user_00055,evt_00001991,2025-10-23 00:00:00,1527.27,0,25
ord_000188,user_00055,evt_00001996,2025-12-14 00:00:00,1730.55,0,45
ord_000189,user_00056,evt_00002022,2025-10-05 00:00:00,1573.72,1,35
ord_000190,user_00056,evt_00002028,2025-11-22 00:00:00,2115.91,0,25
ord_000191,user_00056,evt_00002029,2025-11-25 00:00:00,1535.44,0,60
ord_000192,user_00056,evt_00002034,2025-12-01 00:00:00,1480.38,0,25
ord_000193,user_00057,evt_00002053,2025-10-17 00:00:00,1255.97,1,25
ord_000194,user_00057,evt_00002060,2025-12-03 00:00:00,843.14,0,45
ord_000195,user_00058,evt_00002080,2025-10-17 00:00:00,1108.47,1,45
ord_000196,user_00058,evt_00002092,2025-12-21 00:00:00,1240.75,0,45
ord_000197,user_00058,evt_00002094,2025-12-30 00:00:00,875.24,0,45
ord_000198,user_00058,evt_00002116,2026-04-05 00:00:00,759.3,0,25
ord_000199,user_00059,evt_00002126,2025-12-02 00:00:00,1884.83,1,45
ord_000200,user_00059,evt_00002138,2026-01-24 00:00:00,1774.29,0,90
ord_000201,user_00059,evt_00002141,2026-02-09 00:00:00,2187.71,0,60
ord_000202,user_00059,evt_00002143,2026-02-18 00:00:00,1284.3,0,35
ord_000203,user_00059,evt_00002144,2026-02-20 00:00:00,1972.59,0,35
ord_000204,user_00060,evt_00002169,2026-02-07 00:00:00,975.84,1,35
ord_000205,user_00060,evt_00002174,2026-03-26 00:00:00,766.58,0,35
ord_000206,user_00061,evt_00002178,2025-10-06 00:00:00,859.88,1,45
ord_000207,user_00061,evt_00002188,2025-12-09 00:00:00,789.97,0,35
ord_000208,user_00062,evt_00002227,2025-11-19 00:00:00,683.48,1,35
ord_000209,user_00062,evt_00002243,2026-04-24 00:00:00,674.29,0,35
ord_000210,user_00063,evt_00002258,2026-01-15 00:00:00,930.43,1,35
ord_000211,user_00063,evt_00002270,2026-04-12 00:00:00,403.25,0,35
ord_000212,user_00064,evt_00002286,2026-01-16 00:00:00,601.06,1,90
ord_000213,user_00065,evt_00002296,2025-10-05 00:00:00,1035.29,1,25
ord_000214,user_00065,evt_00002297,2025-10-07 00:00:00,1222.76,0,25
ord_000215,user_00065,evt_00002299,2025-10-11 00:00:00,2128.42,0,60
ord_000216,user_00065,evt_00002306,2025-12-13 00:00:00,2123.27,0,35
ord_000217,user_00065,evt_00002320,2026-02-18 00:00:00,27.8,0,35
ord_000218,user_00065,evt_00002323,2026-03-13 00:00:00,2130.03,0,45
ord_000219,user_00066,evt_00002347,2026-03-30 00:00:00,1136.43,1,35
ord_000220,user_00067,evt_00002366,2025-11-21 00:00:00,1197.48,1,45
ord_000221,user_00067,evt_00002376,2026-01-07 00:00:00,1116.46,0,25
ord_000222,user_00069,evt_00002471,2026-04-12 00:00:00,2065.65,1,25
ord_000223,user_00070,evt_00002492,2026-01-02 00:00:00,1299.38,1,35
ord_000224,user_00070,evt_00002507,2026-03-08 00:00:00,830.87,0,25
ord_000225,user_00070,evt_00002511,2026-04-02 00:00:00,1198.87,0,35
ord_000226,user_00070,evt_00002514,2026-04-10 00:00:00,981.34,0,45
ord_000227,user_00070,evt_00002516,2026-04-20 00:00:00,428.72,0,35
ord_000228,user_00071,evt_00002526,2025-10-25 00:00:00,1142.58,1,25
ord_000229,user_00071,evt_00002529,2025-11-09 00:00:00,769.95,0,25
ord_000230,user_00072,evt_00002565,2025-10-30 00:00:00,1803.46,1,35
ord_000231,user_00072,evt_00002577,2025-12-27 00:00:00,594.06,0,25
ord_000232,user_00072,evt_00002578,2025-12-31 00:00:00,674.43,0,25
ord_000233,user_00072,evt_00002580,2026-01-05 00:00:00,1305.5,0,35
ord_000234,user_00072,evt_00002595,2026-04-15 00:00:00,619.78,0,25
ord_000235,user_00073,evt_00002598,2025-10-15 00:00:00,2150.98,1,35
ord_000236,user_00073,evt_00002608,2025-12-02 00:00:00,1132.92,0,25
ord_000237,user_00073,evt_00002609,2025-12-09 00:00:00,1653.32,0,90
ord_000238,user_00073,evt_00002613,2026-01-02 00:00:00,1221.03,0,25
ord_000239,user_00073,evt_00002622,2026-02-04 00:00:00,1539.67,0,25
ord_000240,user_00073,evt_00002626,2026-02-28 00:00:00,1384.65,0,25
ord_000241,user_00073,evt_00002629,2026-03-17 00:00:00,1497.15,0,35
ord_000242,user_00074,evt_00002642,2025-11-05 00:00:00,1080.27,1,35
ord_000243,user_00074,evt_00002647,2025-12-18 00:00:00,394.59,0,60
ord_000244,user_00074,evt_00002664,2026-03-29 00:00:00,1142.65,0,35
ord_000245,user_00075,evt_00002675,2025-11-09 00:00:00,1035.21,1,45
ord_000246,user_00075,evt_00002686,2025-12-27 00:00:00,1325.72,0,45
ord_000247,user_00075,evt_00002690,2026-01-22 00:00:00,1101.72,0,35
ord_000248,user_00076,evt_00002707,2025-11-16 00:00:00,1714.35,1,25
ord_000249,user_00076,evt_00002713,2025-12-17 00:00:00,1460.21,0,35
ord_000250,user_00076,evt_00002720,2026-01-19 00:00:00,2983.76,0,35
ord_000251,user_00077,evt_00002755,2026-01-10 00:00:00,848.62,1,35
ord_000252,user_00077,evt_00002769,2026-03-24 00:00:00,1177.02,0,90
ord_000253,user_00078,evt_00002777,2025-10-12 00:00:00,997.03,1,35
ord_000254,user_00078,evt_00002787,2025-11-07 00:00:00,1113.12,0,25
ord_000255,user_00078,evt_00002792,2025-12-04 00:00:00,1154.38,0,35
ord_000256,user_00078,evt_00002797,2025-12-25 00:00:00,666.34,0,60
ord_000257,user_00079,evt_00002823,2025-10-28 00:00:00,1015.54,1,35
ord_000258,user_00079,evt_00002827,2025-11-06 00:00:00,1222.76,0,25
ord_000259,user_00079,evt_00002828,2025-11-07 00:00:00,859.4,0,25
ord_000260,user_00079,evt_00002850,2026-02-06 00:00:00,672.03,0,90
ord_000261,user_00079,evt_00002851,2026-02-14 00:00:00,760.54,0,35
ord_000262,user_00079,evt_00002858,2026-03-27 00:00:00,1317.36,0,25
ord_000263,user_00080,evt_00002897,2026-04-06 00:00:00,991.56,1,35
ord_000264,user_00080,evt_00002900,2026-04-16 00:00:00,1152.49,0,35
ord_000265,user_00080,evt_00002904,2026-04-26 00:00:00,863.13,0,35
ord_000266,user_00081,evt_00002908,2025-11-05 00:00:00,776.1,1,35
ord_000267,user_00081,evt_00002909,2025-11-05 00:00:00,1111.43,0,25
ord_000268,user_00081,evt_00002910,2025-11-09 00:00:00,420.54,0,25
ord_000269,user_00082,evt_00002951,2025-11-08 00:00:00,713.54,1,25
ord_000270,user_00082,evt_00002954,2025-11-18 00:00:00,1134.74,0,45
ord_000271,user_00082,evt_00002969,2026-02-04 00:00:00,823.72,0,60
ord_000272,user_00082,evt_00002976,2026-02-21 00:00:00,1026.18,0,35
ord_000273,user_00083,evt_00003002,2026-01-06 00:00:00,2470.87,1,90
ord_000274,user_00083,evt_00003004,2026-01-24 00:00:00,2489.5,0,60
ord_000275,user_00084,evt_00003030,2026-01-03 00:00:00,1667.5,1,35
ord_000276,user_00084,evt_00003038,2026-02-27 00:00:00,846.85,0,45
ord_000277,user_00084,evt_00003039,2026-03-01 00:00:00,1396.46,0,25
ord_000278,user_00085,evt_00003073,2026-04-02 00:00:00,381.63,1,60
ord_000279,user_00085,evt_00003074,2026-04-07 00:00:00,587.25,0,60
ord_000280,user_00087,evt_00003122,2026-01-19 00:00:00,1130.44,1,35
ord_000281,user_00088,evt_00003141,2025-10-21 00:00:00,1068.77,1,25
ord_000282,user_00088,evt_00003146,2025-11-12 00:00:00,1211.92,0,25
ord_000283,user_00088,evt_00003147,2025-11-18 00:00:00,1323.87,0,60
ord_000284,user_00088,evt_00003159,2026-01-31 00:00:00,1231.87,0,25
ord_000285,user_00088,evt_00003170,2026-03-21 00:00:00,750.03,0,25
ord_000286,user_00088,evt_00003176,2026-04-26 00:00:00,485.29,0,90
ord_000287,user_00089,evt_00003183,2025-11-20 00:00:00,1906.45,1,35
ord_000288,user_00089,evt_00003201,2026-02-26 00:00:00,1820.31,0,35
ord_000289,user_00089,evt_00003202,2026-02-27 00:00:00,2429.21,0,45
ord_000290,user_00090,evt_00003220,2025-11-15 00:00:00,883.06,1,60
ord_000291,user_00090,evt_00003229,2026-01-10 00:00:00,789.53,0,25
ord_000292,user_00090,evt_00003236,2026-03-15 00:00:00,865.69,0,45
ord_000293,user_00091,evt_00003255,2026-01-16 00:00:00,3209.21,1,35
ord_000294,user_00092,evt_00003282,2025-11-11 00:00:00,2281.87,1,45
ord_000295,user_00092,evt_00003293,2026-01-01 00:00:00,1584.82,0,25
ord_000296,user_00093,evt_00003338,2026-02-01 00:00:00,750.04,1,35
ord_000297,user_00093,evt_00003354,2026-04-10 00:00:00,1125.79,0,45
ord_000298,user_00094,evt_00003358,2025-10-03 00:00:00,2993.9,1,35
ord_000299,user_00094,evt_00003371,2025-12-21 00:00:00,3325.29,0,25
ord_000300,user_00094,evt_00003379,2026-01-30 00:00:00,2623.82,0,45
ord_000301,user_00095,evt_00003411,2026-02-02 00:00:00,672.86,1,35
ord_000302,user_00095,evt_00003421,2026-04-15 00:00:00,759.63,0,35
ord_000303,user_00096,evt_00003430,2025-11-17 00:00:00,1435.76,1,60
ord_000304,user_00096,evt_00003437,2026-01-01 00:00:00,1572.51,0,25
ord_000305,user_00097,evt_00003460,2025-11-20 00:00:00,702.72,1,25
ord_000306,user_00097,evt_00003468,2026-01-22 00:00:00,1055.84,0,25
ord_000307,user_00097,evt_00003471,2026-02-12 00:00:00,863.44,0,60
ord_000308,user_00097,evt_00003479,2026-03-27 00:00:00,472.87,0,25
ord_000309,user_00098,evt_00003482,2025-11-05 00:00:00,1891.44,1,45
ord_000310,user_00098,evt_00003485,2025-11-13 00:00:00,1975.74,0,25
ord_000311,user_00099,evt_00003509,2025-10-09 00:00:00,2585.98,1,45
ord_000312,user_00099,evt_00003518,2025-11-16 00:00:00,2004.6,0,90
ord_000313,user_00099,evt_00003545,2026-04-11 00:00:00,2407.3,0,35
ord_000314,user_00100,evt_00003554,2025-12-21 00:00:00,753.3,1,35
ord_000315,user_00100,evt_00003560,2026-01-13 00:00:00,1099.5,0,35
ord_000316,user_00100,evt_00003570,2026-03-23 00:00:00,504.13,0,25
ord_000317,user_00100,evt_00003573,2026-04-04 00:00:00,1388.13,0,25
ord_000318,user_00100,evt_00003574,2026-04-05 00:00:00,463.25,0,35
ord_000319,user_00101,evt_00003591,2026-01-21 00:00:00,1071.81,1,25
ord_000320,user_00101,evt_00003597,2026-03-19 00:00:00,864.63,0,45
ord_000321,user_00101,evt_00003600,2026-03-30 00:00:00,393.24,0,35
ord_000322,user_00103,evt_00003645,2025-11-07 00:00:00,944.27,1,25
ord_000323,user_00103,evt_00003653,2025-12-11 00:00:00,335.92,0,35
ord_000324,user_00103,evt_00003662,2026-02-09 00:00:00,780.09,0,35
ord_000325,user_00104,evt_00003679,2025-10-01 00:00:00,2267.7,1,25
ord_000326,user_00104,evt_00003689,2026-01-01 00:00:00,2211.35,0,25
ord_000327,user_00104,evt_00003690,2026-01-16 00:00:00,3576.71,0,35
ord_000328,user_00104,evt_00003691,2026-01-26 00:00:00,3831.72,0,25
ord_000329,user_00104,evt_00003693,2026-03-16 00:00:00,2363.96,0,35
ord_000330,user_00105,evt_00003705,2025-10-27 00:00:00,316.84,1,45
ord_000331,user_00105,evt_00003708,2025-11-27 00:00:00,894.5,0,35
ord_000332,user_00105,evt_00003715,2025-12-28 00:00:00,859.99,0,45
ord_000333,user_00105,evt_00003723,2026-03-04 00:00:00,919.85,0,25
ord_000334,user_00105,evt_00003729,2026-04-16 00:00:00,979.56,0,25
ord_000335,user_00106,evt_00003744,2025-12-07 00:00:00,698.35,1,35
ord_000336,user_00106,evt_00003745,2025-12-10 00:00:00,724.64,0,25
ord_000337,user_00106,evt_00003752,2026-01-13 00:00:00,991.76,0,45
ord_000338,user_00106,evt_00003761,2026-03-03 00:00:00,454.99,0,35
ord_000339,user_00106,evt_00003762,2026-03-06 00:00:00,819.58,0,35
ord_000340,user_00107,evt_00003780,2025-11-29 00:00:00,542.93,1,35
ord_000341,user_00107,evt_00003781,2025-12-02 00:00:00,796.36,0,25
ord_000342,user_00107,evt_00003802,2026-03-25 00:00:00,515.57,0,25
ord_000343,user_00108,evt_00003811,2025-10-17 00:00:00,1157.56,1,35
ord_000344,user_00108,evt_00003827,2026-02-28 00:00:00,584.24,0,35
ord_000345,user_00108,evt_00003833,2026-04-10 00:00:00,678.25,0,35
ord_000346,user_00109,evt_00003844,2025-11-04 00:00:00,1201.4,1,25
ord_000347,user_00109,evt_00003848,2025-11-11 00:00:00,664.71,0,35
ord_000348,user_00109,evt_00003850,2025-11-20 00:00:00,651.62,0,35
ord_000349,user_00109,evt_00003862,2026-01-30 00:00:00,607.05,0,60
ord_000350,user_00109,evt_00003865,2026-02-26 00:00:00,576.49,0,35
ord_000351,user_00109,evt_00003874,2026-04-24 00:00:00,1067.83,0,25
ord_000352,user_00110,evt_00003877,2025-10-16 00:00:00,1504.72,1,60
ord_000353,user_00110,evt_00003884,2025-12-14 00:00:00,2082.07,0,45
ord_000354,user_00110,evt_00003901,2026-03-13 00:00:00,1407.05,0,60
ord_000355,user_00111,evt_00003905,2025-10-16 00:00:00,1020.4,1,25
ord_000356,user_00111,evt_00003914,2025-12-21 00:00:00,1044.61,0,35
ord_000357,user_00111,evt_00003917,2026-01-08 00:00:00,1472.48,0,35
ord_000358,user_00112,evt_00003951,2026-03-04 00:00:00,443.13,1,35
ord_000359,user_00113,evt_00003965,2025-12-17 00:00:00,1149.71,1,90
ord_000360,user_00114,evt_00003995,2025-12-06 00:00:00,2175.75,1,45
ord_000361,user_00115,evt_00004048,2026-02-03 00:00:00,1985.78,1,35
ord_000362,user_00116,evt_00004070,2025-11-14 00:00:00,1324.5,1,25
ord_000363,user_00116,evt_00004077,2025-12-17 00:00:00,2094.03,0,35
ord_000364,user_00116,evt_00004083,2026-01-15 00:00:00,1345.85,0,35
ord_000365,user_00116,evt_00004102,2026-04-16 00:00:00,2032.76,0,25
ord_000366,user_00119,evt_00004175,2025-10-28 00:00:00,2150.24,1,25
ord_000367,user_00119,evt_00004177,2025-11-05 00:00:00,2697.19,0,45
ord_000368,user_00119,evt_00004202,2026-01-21 00:00:00,3915.39,0,35
ord_000369,user_00120,evt_00004230,2026-02-20 00:00:00,787.53,1,35
ord_000370,user_00121,evt_00004245,2025-11-25 00:00:00,131.13,1,25
ord_000371,user_00121,evt_00004248,2025-12-08 00:00:00,529.07,0,60
ord_000372,user_00121,evt_00004262,2026-03-31 00:00:00,730.14,0,35
ord_000373,user_00122,evt_00004273,2025-11-01 00:00:00,759.37,1,90
ord_000374,user_00123,evt_00004308,2025-11-28 00:00:00,963.87,1,60
ord_000375,user_00123,evt_00004313,2025-12-21 00:00:00,1185.66,0,25
ord_000376,user_00123,evt_00004315,2025-12-30 00:00:00,1665.76,0,25
ord_000377,user_00124,evt_00004338,2025-10-05 00:00:00,2001.35,1,25
ord_000378,user_00124,evt_00004358,2026-01-30 00:00:00,1107.58,0,45
ord_000379,user_00124,evt_00004361,2026-02-13 00:00:00,2158.14,0,25
ord_000380,user_00124,evt_00004362,2026-02-17 00:00:00,1407.93,0,60
ord_000381,user_00124,evt_00004369,2026-04-06 00:00:00,809.97,0,25
ord_000382,user_00124,evt_00004372,2026-04-20 00:00:00,1428.91,0,35
ord_000383,user_00126,evt_00004418,2025-12-18 00:00:00,802.03,1,35
ord_000384,user_00126,evt_00004428,2026-02-27 00:00:00,886.83,0,45
ord_000385,user_00126,evt_00004431,2026-03-19 00:00:00,1238.19,0,25
ord_000386,user_00126,evt_00004435,2026-04-12 00:00:00,956.95,0,35
ord_000387,user_00126,evt_00004436,2026-04-18 00:00:00,1082.11,0,35
ord_000388,user_00127,evt_00004440,2025-11-04 00:00:00,1480.4,1,25
ord_000389,user_00127,evt_00004456,2026-03-01 00:00:00,1916.83,0,25
ord_000390,user_00127,evt_00004463,2026-03-27 00:00:00,1594.98,0,60
ord_000391,user_00127,evt_00004466,2026-04-07 00:00:00,1614.6,0,25
ord_000392,user_00127,evt_00004467,2026-04-08 00:00:00,2580.81,0,90
ord_000393,user_00128,evt_00004483,2025-11-27 00:00:00,557.61,1,45
ord_000394,user_00128,evt_00004492,2026-01-12 00:00:00,574.7,0,35
ord_000395,user_00128,evt_00004498,2026-02-19 00:00:00,1054.78,0,60
ord_000396,user_00128,evt_00004506,2026-03-15 00:00:00,1146.42,0,25
ord_000397,user_00129,evt_00004526,2025-12-08 00:00:00,432.88,1,45
ord_000398,user_00129,evt_00004530,2025-12-28 00:00:00,383.62,0,35
ord_000399,user_00130,evt_00004550,2025-10-09 00:00:00,2903.48,1,35
ord_000400,user_00131,evt_00004592,2025-11-23 00:00:00,1875.31,1,35
ord_000401,user_00131,evt_00004601,2026-02-20 00:00:00,857.28,0,25
ord_000402,user_00131,evt_00004604,2026-03-06 00:00:00,1152.36,0,25
ord_000403,user_00131,evt_00004610,2026-04-16 00:00:00,962.58,0,25
ord_000404,user_00132,evt_00004619,2025-11-11 00:00:00,1400.8,1,35
ord_000405,user_00132,evt_00004635,2026-03-22 00:00:00,2100.93,0,45
ord_000406,user_00133,evt_00004652,2026-01-03 00:00:00,2076.59,1,35
ord_000407,user_00134,evt_00004667,2025-10-15 00:00:00,1209.06,1,45
ord_000408,user_00134,evt_00004673,2025-11-20 00:00:00,1199.34,0,90
ord_000409,user_00134,evt_00004695,2026-04-04 00:00:00,959.15,0,25
ord_000410,user_00134,evt_00004697,2026-04-18 00:00:00,685.77,0,35
ord_000411,user_00135,evt_00004709,2025-11-04 00:00:00,1036.55,1,35
ord_000412,user_00136,evt_00004738,2025-11-05 00:00:00,1366.76,1,25
ord_000413,user_00136,evt_00004744,2025-12-19 00:00:00,1068.23,0,25
ord_000414,user_00136,evt_00004758,2026-02-22 00:00:00,1302.87,0,45
ord_000415,user_00137,evt_00004781,2025-12-14 00:00:00,494.76,1,35
ord_000416,user_00137,evt_00004783,2025-12-18 00:00:00,1038.73,0,35
ord_000417,user_00137,evt_00004800,2026-04-26 00:00:00,1106.43,0,35
ord_000418,user_00138,evt_00004807,2025-10-20 00:00:00,3040.94,1,45
ord_000419,user_00138,evt_00004809,2025-10-23 00:00:00,2986.81,0,35
ord_000420,user_00138,evt_00004838,2026-03-08 00:00:00,4051.83,0,35
ord_000421,user_00138,evt_00004844,2026-04-07 00:00:00,3146.25,0,25
ord_000422,user_00138,evt_00004845,2026-04-08 00:00:00,2784.36,0,90
ord_000423,user_00138,evt_00004846,2026-04-11 00:00:00,3711.58,0,35
ord_000424,user_00140,evt_00004878,2025-10-20 00:00:00,511.73,1,35
ord_000425,user_00140,evt_00004887,2025-12-15 00:00:00,746.89,0,25
ord_000426,user_00140,evt_00004893,2026-01-15 00:00:00,952.58,0,45
ord_000427,user_00140,evt_00004902,2026-02-24 00:00:00,1120.59,0,25
ord_000428,user_00141,evt_00004919,2025-11-16 00:00:00,862.84,1,60
ord_000429,user_00141,evt_00004922,2025-11-30 00:00:00,699.32,0,25
ord_000430,user_00141,evt_00004924,2025-12-18 00:00:00,1054.85,0,25
ord_000431,user_00141,evt_00004932,2026-02-02 00:00:00,674.53,0,25
ord_000432,user_00142,evt_00004964,2025-12-12 00:00:00,1115.29,1,35
ord_000433,user_00143,evt_00004985,2025-11-05 00:00:00,1167.46,1,35
ord_000434,user_00143,evt_00005004,2026-02-09 00:00:00,1056.9,0,25
ord_000435,user_00143,evt_00005008,2026-02-28 00:00:00,1462.65,0,25
ord_000436,user_00143,evt_00005010,2026-04-04 00:00:00,1995.96,0,25
ord_000437,user_00143,evt_00005012,2026-04-26 00:00:00,1836.35,0,25
ord_000438,user_00144,evt_00005022,2025-11-13 00:00:00,1938.49,1,25
ord_000439,user_00144,evt_00005037,2026-01-09 00:00:00,1089.72,0,45
ord_000440,user_00144,evt_00005041,2026-01-17 00:00:00,1925.86,0,25
ord_000441,user_00144,evt_00005055,2026-04-12 00:00:00,1353.09,0,35
ord_000442,user_00145,evt_00005081,2026-03-08 00:00:00,1264.05,1,60
ord_000443,user_00146,evt_00005115,2026-02-28 00:00:00,1144.17,1,35
ord_000444,user_00147,evt_00005143,2025-12-28 00:00:00,1016.91,1,35
ord_000445,user_00147,evt_00005151,2026-02-17 00:00:00,705.74,0,25
ord_000446,user_00148,evt_00005164,2025-10-27 00:00:00,965.65,1,35
ord_000447,user_00148,evt_00005170,2026-01-13 00:00:00,828.1,0,25
ord_000448,user_00148,evt_00005182,2026-02-23 00:00:00,1022.68,0,25
ord_000449,user_00148,evt_00005188,2026-04-21 00:00:00,1309.23,0,35
ord_000450,user_00149,evt_00005194,2025-12-24 00:00:00,2867.96,1,35
ord_000451,user_00149,evt_00005207,2026-02-25 00:00:00,2915.91,0,25
ord_000452,user_00150,evt_00005234,2026-01-30 00:00:00,1284.63,1,35
ord_000453,user_00151,evt_00005263,2026-01-24 00:00:00,1329.22,1,60
ord_000454,user_00152,evt_00005283,2025-10-27 00:00:00,1521.7,1,25
ord_000455,user_00152,evt_00005285,2025-11-05 00:00:00,1063.3,0,35
ord_000456,user_00152,evt_00005302,2026-01-24 00:00:00,1206.65,0,25
ord_000457,user_00152,evt_00005310,2026-03-25 00:00:00,889.1,0,45
ord_000458,user_00153,evt_00005326,2025-12-14 00:00:00,1155.56,1,35
ord_000459,user_00153,evt_00005334,2026-01-25 00:00:00,1462.99,0,90
ord_000460,user_00153,evt_00005345,2026-04-23 00:00:00,1944.27,0,60
ord_000461,user_00154,evt_00005360,2025-12-14 00:00:00,1019.67,1,35
ord_000462,user_00154,evt_00005371,2026-01-19 00:00:00,1163.71,0,60
ord_000463,user_00154,evt_00005382,2026-03-17 00:00:00,936.88,0,45
ord_000464,user_00155,evt_00005395,2025-11-15 00:00:00,1067.72,1,35
ord_000465,user_00156,evt_00005424,2025-11-01 00:00:00,1972.83,1,25
ord_000466,user_00156,evt_00005442,2026-03-28 00:00:00,1854.17,0,90
ord_000467,user_00157,evt_00005472,2026-03-06 00:00:00,981.66,1,25
ord_000468,user_00157,evt_00005474,2026-03-31 00:00:00,1294.5,0,35
ord_000469,user_00158,evt_00005483,2025-10-03 00:00:00,1360.03,1,35
ord_000470,user_00158,evt_00005486,2025-10-28 00:00:00,1137.29,0,25
ord_000471,user_00158,evt_00005494,2025-12-03 00:00:00,875.3,0,25
ord_000472,user_00158,evt_00005504,2026-02-01 00:00:00,539.66,0,25
ord_000473,user_00158,evt_00005516,2026-04-26 00:00:00,1191.31,0,45
ord_000474,user_00159,evt_00005532,2026-02-20 00:00:00,1874.8,1,25
ord_000475,user_00159,evt_00005542,2026-04-04 00:00:00,672.22,0,35
ord_000476,user_00160,evt_00005579,2026-04-25 00:00:00,2041.76,1,25
ord_000477,user_00161,evt_00005582,2025-10-23 00:00:00,558.12,1,45
ord_000478,user_00161,evt_00005597,2026-01-06 00:00:00,193.56,0,25
ord_000479,user_00161,evt_00005612,2026-04-07 00:00:00,1004.27,0,25
ord_000480,user_00162,evt_00005618,2025-10-25 00:00:00,1101.25,1,35
ord_000481,user_00163,evt_00005655,2025-11-13 00:00:00,3532.96,1,25
ord_000482,user_00163,evt_00005671,2026-02-07 00:00:00,3294.16,0,25
ord_000483,user_00163,evt_00005672,2026-02-07 00:00:00,3734.47,0,25
ord_000484,user_00164,evt_00005685,2025-10-15 00:00:00,195.52,1,35
ord_000485,user_00165,evt_00005722,2025-11-03 00:00:00,2863.35,1,45
ord_000486,user_00165,evt_00005726,2025-12-09 00:00:00,3724.63,0,35
ord_000487,user_00166,evt_00005761,2026-03-08 00:00:00,1839.06,1,25
ord_000488,user_00167,evt_00005783,2025-11-25 00:00:00,991.06,1,25
ord_000489,user_00167,evt_00005785,2025-12-05 00:00:00,616.62,0,90
ord_000490,user_00167,evt_00005800,2026-02-14 00:00:00,711.97,0,45
ord_000491,user_00167,evt_00005818,2026-04-08 00:00:00,526.17,0,45
ord_000492,user_00169,evt_00005859,2025-12-13 00:00:00,2189.34,1,90
ord_000493,user_00170,evt_00005889,2025-10-15 00:00:00,1068.99,1,25
ord_000494,user_00170,evt_00005891,2025-10-20 00:00:00,1446.3,0,35
ord_000495,user_00170,evt_00005898,2025-12-03 00:00:00,817.0,0,35
ord_000496,user_00170,evt_00005907,2026-01-16 00:00:00,2298.17,0,35
ord_000497,user_00170,evt_00005910,2026-02-05 00:00:00,1428.97,0,25
ord_000498,user_00170,evt_00005915,2026-02-26 00:00:00,2131.09,0,45
ord_000499,user_00170,evt_00005923,2026-04-23 00:00:00,1672.64,0,35
ord_000500,user_00171,evt_00005929,2025-10-21 00:00:00,1810.06,1,60
ord_000501,user_00171,evt_00005943,2026-01-17 00:00:00,1209.48,0,35
ord_000502,user_00171,evt_00005950,2026-03-18 00:00:00,1245.89,0,25
ord_000503,user_00171,evt_00005955,2026-03-25 00:00:00,1832.65,0,35
ord_000504,user_00172,evt_00005975,2025-11-19 00:00:00,619.26,1,35
ord_000505,user_00172,evt_00005982,2026-01-02 00:00:00,211.44,0,35
ord_000506,user_00172,evt_00005994,2026-02-27 00:00:00,364.64,0,60
ord_000507,user_00172,evt_00005999,2026-03-27 00:00:00,262.39,0,35
ord_000508,user_00173,evt_00006020,2026-01-05 00:00:00,543.98,1,35
ord_000509,user_00174,evt_00006070,2026-04-05 00:00:00,1219.81,1,45
ord_000510,user_00175,evt_00006073,2025-10-01 00:00:00,294.04,1,35
ord_000511,user_00175,evt_00006077,2025-10-06 00:00:00,1195.78,0,45
ord_000512,user_00175,evt_00006100,2026-02-22 00:00:00,918.33,0,60
ord_000513,user_00175,evt_00006103,2026-02-28 00:00:00,910.37,0,45
ord_000514,user_00175,evt_00006106,2026-03-23 00:00:00,748.0,0,35
ord_000515,user_00175,evt_00006110,2026-04-25 00:00:00,558.73,0,25
ord_000516,user_00176,evt_00006116,2025-10-30 00:00:00,1058.2,1,45
ord_000517,user_00176,evt_00006122,2025-11-10 00:00:00,1175.79,0,60
ord_000518,user_00176,evt_00006151,2026-03-02 00:00:00,743.24,0,45
ord_000519,user_00176,evt_00006154,2026-03-12 00:00:00,342.62,0,35
ord_000520,user_00177,evt_00006175,2025-11-25 00:00:00,1400.5,1,35
ord_000521,user_00177,evt_00006180,2025-12-26 00:00:00,2113.35,0,25
ord_000522,user_00177,evt_00006185,2026-02-28 00:00:00,967.07,0,35
ord_000523,user_00177,evt_00006189,2026-04-13 00:00:00,2399.58,0,25
ord_000524,user_00178,evt_00006196,2025-10-11 00:00:00,3066.26,1,45
ord_000525,user_00178,evt_00006211,2025-12-29 00:00:00,4469.4,0,25
ord_000526,user_00178,evt_00006226,2026-04-19 00:00:00,2005.74,0,35
ord_000527,user_00180,evt_00006282,2025-12-26 00:00:00,858.84,1,35
ord_000528,user_00180,evt_00006296,2026-03-22 00:00:00,1159.44,0,60
ord_000529,user_00180,evt_00006301,2026-04-15 00:00:00,964.88,0,35
ord_000530,user_00182,evt_00006350,2026-01-05 00:00:00,1150.64,1,35
ord_000531,user_00182,evt_00006361,2026-04-05 00:00:00,1772.69,0,35
ord_000532,user_00183,evt_00006366,2025-10-25 00:00:00,1284.3,1,35
ord_000533,user_00183,evt_00006377,2025-12-17 00:00:00,639.43,0,35
ord_000534,user_00183,evt_00006378,2025-12-18 00:00:00,697.15,0,35
ord_000535,user_00183,evt_00006385,2026-01-19 00:00:00,746.25,0,25
ord_000536,user_00184,evt_00006412,2025-12-03 00:00:00,1008.34,1,35
ord_000537,user_00184,evt_00006413,2025-12-09 00:00:00,784.2,0,90
ord_000538,user_00184,evt_00006429,2026-04-05 00:00:00,1264.88,0,45
ord_000539,user_00185,evt_00006455,2026-02-02 00:00:00,1351.75,1,35
ord_000540,user_00185,evt_00006461,2026-03-10 00:00:00,917.27,0,25
ord_000541,user_00185,evt_00006462,2026-03-11 00:00:00,1223.29,0,45
ord_000542,user_00186,evt_00006479,2025-11-10 00:00:00,296.19,1,90
ord_000543,user_00186,evt_00006480,2025-11-12 00:00:00,1003.44,0,25
ord_000544,user_00186,evt_00006505,2026-02-28 00:00:00,1002.13,0,25
ord_000545,user_00186,evt_00006511,2026-04-11 00:00:00,556.4,0,35
ord_000546,user_00187,evt_00006517,2025-10-07 00:00:00,1979.11,1,25
ord_000547,user_00188,evt_00006577,2026-01-14 00:00:00,691.18,1,45
ord_000548,user_00188,evt_00006580,2026-01-20 00:00:00,630.7,0,45
ord_000549,user_00188,evt_00006583,2026-01-28 00:00:00,1214.19,0,35
ord_000550,user_00188,evt_00006587,2026-02-27 00:00:00,675.92,0,35
ord_000551,user_00189,evt_00006599,2025-10-01 00:00:00,1517.29,1,45
ord_000552,user_00189,evt_00006603,2025-10-26 00:00:00,2045.48,0,60
ord_000553,user_00189,evt_00006607,2025-11-23 00:00:00,2659.57,0,35
ord_000554,user_00189,evt_00006608,2025-11-24 00:00:00,1594.21,0,35
ord_000555,user_00189,evt_00006628,2026-04-23 00:00:00,1673.07,0,25
ord_000556,user_00190,evt_00006636,2025-11-14 00:00:00,581.52,1,25
ord_000557,user_00190,evt_00006642,2026-01-26 00:00:00,1250.18,0,25
ord_000558,user_00191,evt_00006668,2025-11-30 00:00:00,1682.52,1,45
ord_000559,user_00191,evt_00006672,2025-12-07 00:00:00,972.46,0,35
ord_000560,user_00191,evt_00006681,2026-01-27 00:00:00,807.36,0,25
ord_000561,user_00191,evt_00006688,2026-03-05 00:00:00,771.13,0,45
ord_000562,user_00191,evt_00006692,2026-03-28 00:00:00,1274.93,0,45
ord_000563,user_00192,evt_00006714,2026-03-10 00:00:00,778.26,1,35
ord_000564,user_00192,evt_00006725,2026-04-17 00:00:00,391.73,0,45
ord_000565,user_00193,evt_00006743,2026-01-08 00:00:00,1388.29,1,35
ord_000566,user_00193,evt_00006747,2026-02-03 00:00:00,1406.28,0,90
ord_000567,user_00193,evt_00006757,2026-03-27 00:00:00,485.51,0,45
ord_000568,user_00194,evt_00006774,2025-12-27 00:00:00,4730.17,1,35
ord_000569,user_00194,evt_00006777,2026-01-11 00:00:00,1851.26,0,35
ord_000570,user_00194,evt_00006789,2026-03-11 00:00:00,3456.23,0,25
ord_000571,user_00194,evt_00006794,2026-04-04 00:00:00,3253.73,0,25
ord_000572,user_00194,evt_00006798,2026-04-23 00:00:00,4321.93,0,45
ord_000573,user_00195,evt_00006799,2025-10-09 00:00:00,1100.33,1,25
ord_000574,user_00195,evt_00006824,2026-02-25 00:00:00,746.26,0,25
ord_000575,user_00196,evt_00006833,2025-10-08 00:00:00,1523.42,1,60
ord_000576,user_00196,evt_00006851,2026-01-07 00:00:00,1237.36,0,35
ord_000577,user_00196,evt_00006852,2026-01-20 00:00:00,927.93,0,35
ord_000578,user_00197,evt_00006893,2026-03-12 00:00:00,1327.89,1,60
ord_000579,user_00198,evt_00006909,2025-12-03 00:00:00,1202.28,1,35
ord_000580,user_00198,evt_00006912,2025-12-16 00:00:00,1094.7,0,35
ord_000581,user_00199,evt_00006936,2025-10-29 00:00:00,658.4,1,90
ord_000582,user_00199,evt_00006941,2025-11-23 00:00:00,719.17,0,90
ord_000583,user_00199,evt_00006947,2025-12-28 00:00:00,1104.31,0,35
ord_000584,user_00200,evt_00006968,2025-10-19 00:00:00,669.78,1,25
ord_000585,user_00200,evt_00006976,2025-11-22 00:00:00,931.26,0,25
ord_000586,user_00200,evt_00006988,2026-02-18 00:00:00,1482.74,0,25
ord_000587,user_00200,evt_00006996,2026-04-03 00:00:00,967.98,0,35
ord_000588,user_00201,evt_00007006,2025-10-20 00:00:00,826.16,1,35
ord_000589,user_00201,evt_00007008,2025-10-25 00:00:00,1074.46,0,35
ord_000590,user_00201,evt_00007022,2026-01-12 00:00:00,1517.62,0,25
ord_000591,user_00201,evt_00007029,2026-03-09 00:00:00,898.42,0,25
ord_000592,user_00201,evt_00007030,2026-03-10 00:00:00,1788.16,0,25
ord_000593,user_00201,evt_00007039,2026-04-21 00:00:00,1602.05,0,25
ord_000594,user_00202,evt_00007062,2026-02-07 00:00:00,489.72,1,35
ord_000595,user_00202,evt_00007066,2026-03-02 00:00:00,1298.31,0,45
ord_000596,user_00202,evt_00007074,2026-04-02 00:00:00,907.62,0,60
ord_000597,user_00203,evt_00007085,2025-11-24 00:00:00,2735.24,1,25
ord_000598,user_00203,evt_00007086,2025-11-26 00:00:00,3932.37,0,35
ord_000599,user_00203,evt_00007089,2025-12-12 00:00:00,2446.46,0,35
ord_000600,user_00203,evt_00007097,2026-01-27 00:00:00,1460.06,0,35
ord_000601,user_00204,evt_00007126,2025-12-05 00:00:00,1220.87,1,25
ord_000602,user_00204,evt_00007146,2026-03-30 00:00:00,822.32,0,35
ord_000603,user_00205,evt_00007157,2025-11-09 00:00:00,833.63,1,60
ord_000604,user_00205,evt_00007177,2026-02-20 00:00:00,776.35,0,35
ord_000605,user_00206,evt_00007197,2025-11-02 00:00:00,2515.17,1,25
ord_000606,user_00206,evt_00007227,2026-03-29 00:00:00,3101.47,0,25
ord_000607,user_00206,evt_00007229,2026-04-24 00:00:00,5618.5,0,90
ord_000608,user_00207,evt_00007231,2025-10-27 00:00:00,2943.5,1,35
ord_000609,user_00207,evt_00007232,2025-10-28 00:00:00,2691.48,0,25
ord_000610,user_00207,evt_00007237,2025-11-29 00:00:00,2823.94,0,35
ord_000611,user_00207,evt_00007241,2025-12-28 00:00:00,1918.73,0,60
ord_000612,user_00207,evt_00007256,2026-04-06 00:00:00,3384.08,0,25
ord_000613,user_00208,evt_00007260,2025-10-01 00:00:00,2020.27,1,60
ord_000614,user_00208,evt_00007264,2025-11-21 00:00:00,3953.92,0,35
ord_000615,user_00208,evt_00007281,2026-01-02 00:00:00,2836.43,0,25
ord_000616,user_00208,evt_00007285,2026-02-11 00:00:00,1240.63,0,25
ord_000617,user_00208,evt_00007291,2026-03-17 00:00:00,3069.65,0,60
ord_000618,user_00209,evt_00007324,2026-03-15 00:00:00,2293.69,1,45
ord_000619,user_00210,evt_00007338,2025-10-28 00:00:00,1718.82,1,25
ord_000620,user_00210,evt_00007340,2025-11-04 00:00:00,1736.48,0,25
ord_000621,user_00210,evt_00007345,2025-11-24 00:00:00,1792.66,0,25
ord_000622,user_00210,evt_00007359,2026-02-15 00:00:00,1862.42,0,35
ord_000623,user_00210,evt_00007362,2026-03-10 00:00:00,1485.54,0,35
ord_000624,user_00211,evt_00007374,2025-10-06 00:00:00,1222.64,1,35
ord_000625,user_00211,evt_00007396,2026-03-12 00:00:00,1238.68,0,25
ord_000626,user_00212,evt_00007405,2025-11-01 00:00:00,1472.5,1,45
ord_000627,user_00212,evt_00007411,2025-12-08 00:00:00,1741.69,0,35
ord_000628,user_00212,evt_00007414,2026-01-14 00:00:00,2065.78,0,35
ord_000629,user_00212,evt_00007424,2026-02-25 00:00:00,1846.65,0,35
ord_000630,user_00213,evt_00007442,2025-12-08 00:00:00,197.15,1,45
ord_000631,user_00213,evt_00007447,2025-12-25 00:00:00,893.88,0,25
ord_000632,user_00213,evt_00007448,2025-12-25 00:00:00,1169.51,0,60
ord_000633,user_00213,evt_00007449,2025-12-28 00:00:00,745.9,0,45
ord_000634,user_00214,evt_00007476,2025-11-06 00:00:00,1208.97,1,25
ord_000635,user_00214,evt_00007477,2025-11-27 00:00:00,747.37,0,25
ord_000636,user_00214,evt_00007501,2026-03-21 00:00:00,686.49,0,45
ord_000637,user_00216,evt_00007559,2025-12-16 00:00:00,946.42,1,35
ord_000638,user_00216,evt_00007566,2026-01-16 00:00:00,869.76,0,35
ord_000639,user_00216,evt_00007568,2026-01-21 00:00:00,837.32,0,35
ord_000640,user_00216,evt_00007577,2026-03-05 00:00:00,1212.74,0,35
ord_000641,user_00216,evt_00007586,2026-04-05 00:00:00,2036.99,0,60
ord_000642,user_00216,evt_00007588,2026-04-25 00:00:00,703.02,0,35
ord_000643,user_00217,evt_00007598,2025-10-28 00:00:00,554.68,1,25
ord_000644,user_00218,evt_00007661,2026-02-02 00:00:00,1647.06,1,25
ord_000645,user_00219,evt_00007689,2025-12-13 00:00:00,1213.79,1,25
ord_000646,user_00219,evt_00007706,2026-03-12 00:00:00,1567.36,0,90
ord_000647,user_00220,evt_00007725,2025-12-26 00:00:00,964.93,1,25
ord_000648,user_00221,evt_00007742,2025-10-12 00:00:00,731.66,1,35
ord_000649,user_00221,evt_00007753,2025-12-26 00:00:00,2102.18,0,45
ord_000650,user_00221,evt_00007754,2026-01-19 00:00:00,2584.04,0,35
ord_000651,user_00222,evt_00007796,2026-02-06 00:00:00,1082.86,1,45
ord_000652,user_00222,evt_00007800,2026-03-04 00:00:00,1202.76,0,45
ord_000653,user_00224,evt_00007838,2025-10-12 00:00:00,984.83,1,25
ord_000654,user_00224,evt_00007844,2025-11-10 00:00:00,1220.02,0,60
ord_000655,user_00224,evt_00007851,2025-12-08 00:00:00,920.89,0,35
ord_000656,user_00225,evt_00007883,2025-12-18 00:00:00,591.59,1,25
ord_000657,user_00225,evt_00007892,2026-02-23 00:00:00,701.53,0,25
ord_000658,user_00226,evt_00007906,2025-10-16 00:00:00,557.48,1,35
ord_000659,user_00226,evt_00007911,2025-12-16 00:00:00,592.8,0,60
ord_000660,user_00226,evt_00007925,2026-03-07 00:00:00,370.51,0,45
ord_000661,user_00227,evt_00007946,2025-12-31 00:00:00,930.57,1,45
ord_000662,user_00227,evt_00007961,2026-03-05 00:00:00,1479.3,0,45
ord_000663,user_00228,evt_00007977,2025-11-19 00:00:00,2501.7,1,25
ord_000664,user_00228,evt_00008002,2026-03-11 00:00:00,2459.74,0,90
ord_000665,user_00228,evt_00008007,2026-03-27 00:00:00,3399.86,0,60
ord_000666,user_00229,evt_00008020,2025-11-26 00:00:00,1622.72,1,90
ord_000667,user_00230,evt_00008064,2025-12-07 00:00:00,845.81,1,35
ord_000668,user_00230,evt_00008068,2025-12-30 00:00:00,1095.48,0,35
ord_000669,user_00230,evt_00008072,2026-01-23 00:00:00,952.45,0,25
ord_000670,user_00230,evt_00008080,2026-03-02 00:00:00,272.6,0,25
ord_000671,user_00230,evt_00008083,2026-03-13 00:00:00,733.91,0,25
ord_000672,user_00231,evt_00008089,2025-10-11 00:00:00,3576.73,1,35
ord_000673,user_00231,evt_00008104,2026-01-01 00:00:00,2076.18,0,45
ord_000674,user_00231,evt_00008115,2026-03-01 00:00:00,3680.27,0,35
ord_000675,user_00231,evt_00008118,2026-03-19 00:00:00,4724.44,0,25
ord_000676,user_00232,evt_00008140,2025-12-09 00:00:00,1590.23,1,60
ord_000677,user_00232,evt_00008157,2026-04-19 00:00:00,1811.82,0,25
ord_000678,user_00233,evt_00008168,2025-11-25 00:00:00,1742.76,1,60
ord_000679,user_00233,evt_00008182,2026-02-12 00:00:00,1191.73,0,45
ord_000680,user_00233,evt_00008188,2026-03-15 00:00:00,1923.95,0,45
ord_000681,user_00233,evt_00008192,2026-04-14 00:00:00,2325.53,0,35
ord_000682,user_00234,evt_00008198,2025-10-08 00:00:00,1297.28,1,45
ord_000683,user_00234,evt_00008231,2026-04-11 00:00:00,743.31,0,25
ord_000684,user_00235,evt_00008237,2025-10-22 00:00:00,913.09,1,25
ord_000685,user_00235,evt_00008239,2025-11-01 00:00:00,475.47,0,25
ord_000686,user_00235,evt_00008253,2026-01-10 00:00:00,960.94,0,25
ord_000687,user_00235,evt_00008259,2026-02-20 00:00:00,577.28,0,25
ord_000688,user_00235,evt_00008262,2026-03-03 00:00:00,521.82,0,35
ord_000689,user_00235,evt_00008266,2026-03-07 00:00:00,661.2,0,45
ord_000690,user_00237,evt_00008313,2025-11-13 00:00:00,2230.94,1,25
ord_000691,user_00237,evt_00008314,2025-11-14 00:00:00,1745.58,0,60
ord_000692,user_00237,evt_00008322,2025-12-07 00:00:00,970.55,0,35
ord_000693,user_00237,evt_00008323,2025-12-09 00:00:00,2463.49,0,25
ord_000694,user_00237,evt_00008330,2026-02-18 00:00:00,1801.62,0,35
ord_000695,user_00237,evt_00008332,2026-03-15 00:00:00,639.76,0,25
ord_000696,user_00238,evt_00008364,2026-02-12 00:00:00,3158.34,1,35
ord_000697,user_00239,evt_00008388,2025-11-14 00:00:00,2860.55,1,60
ord_000698,user_00239,evt_00008399,2026-02-03 00:00:00,2090.85,0,35
ord_000699,user_00239,evt_00008405,2026-03-06 00:00:00,3431.63,0,25
ord_000700,user_00239,evt_00008407,2026-03-06 00:00:00,3637.04,0,45
ord_000701,user_00240,evt_00008423,2025-10-15 00:00:00,1132.07,1,35
ord_000702,user_00240,evt_00008432,2025-12-23 00:00:00,964.21,0,25
ord_000703,user_00240,evt_00008440,2026-02-14 00:00:00,887.02,0,25
ord_000704,user_00241,evt_00008467,2026-02-26 00:00:00,1333.83,1,90
ord_000705,user_00241,evt_00008474,2026-03-18 00:00:00,1067.45,0,35
ord_000706,user_00242,evt_00008494,2025-12-01 00:00:00,1092.49,1,35
ord_000707,user_00242,evt_00008498,2025-12-11 00:00:00,775.96,0,25
ord_000708,user_00242,evt_00008508,2026-01-21 00:00:00,1645.01,0,25
ord_000709,user_00242,evt_00008510,2026-02-02 00:00:00,1544.53,0,25
ord_000710,user_00242,evt_00008516,2026-02-22 00:00:00,976.98,0,35
ord_000711,user_00242,evt_00008518,2026-02-28 00:00:00,814.89,0,45
ord_000712,user_00243,evt_00008527,2025-10-04 00:00:00,819.25,1,35
ord_000713,user_00243,evt_00008537,2026-01-10 00:00:00,554.21,0,45
ord_000714,user_00244,evt_00008571,2025-12-10 00:00:00,1016.3,1,25
ord_000715,user_00244,evt_00008579,2026-01-23 00:00:00,1122.28,0,35
ord_000716,user_00244,evt_00008584,2026-02-12 00:00:00,865.87,0,25
ord_000717,user_00245,evt_00008619,2026-01-15 00:00:00,1118.31,1,90
ord_000718,user_00246,evt_00008635,2025-10-11 00:00:00,1150.81,1,90
ord_000719,user_00246,evt_00008645,2025-11-29 00:00:00,149.49,0,35
ord_000720,user_00246,evt_00008658,2026-03-04 00:00:00,1256.38,0,45
ord_000721,user_00247,evt_00008672,2025-11-02 00:00:00,1199.05,1,45
ord_000722,user_00247,evt_00008675,2025-11-07 00:00:00,1429.79,0,45
ord_000723,user_00247,evt_00008692,2026-01-30 00:00:00,1609.66,0,35
ord_000724,user_00248,evt_00008714,2025-11-25 00:00:00,948.66,1,45
ord_000725,user_00248,evt_00008719,2025-12-16 00:00:00,2155.0,0,35
ord_000726,user_00248,evt_00008725,2026-01-21 00:00:00,1514.98,0,45
ord_000727,user_00248,evt_00008732,2026-03-20 00:00:00,1293.86,0,25
ord_000728,user_00248,evt_00008734,2026-03-25 00:00:00,1645.61,0,35
ord_000729,user_00249,evt_00008746,2025-10-25 00:00:00,1038.87,1,25
ord_000730,user_00249,evt_00008755,2025-11-29 00:00:00,1085.48,0,35
ord_000731,user_00249,evt_00008760,2026-01-06 00:00:00,1607.52,0,25
ord_000732,user_00249,evt_00008762,2026-01-21 00:00:00,667.87,0,25
ord_000733,user_00249,evt_00008786,2026-04-24 00:00:00,923.42,0,25
ord_000734,user_00250,evt_00008804,2026-02-09 00:00:00,1030.58,1,60
ord_000735,user_00250,evt_00008806,2026-02-21 00:00:00,1280.49,0,35
ord_000736,user_00250,evt_00008808,2026-03-20 00:00:00,1299.36,0,35
ord_000737,user_00251,evt_00008826,2025-11-20 00:00:00,600.24,1,35
ord_000738,user_00251,evt_00008831,2026-01-02 00:00:00,597.13,0,25
ord_000739,user_00252,evt_00008879,2026-02-22 00:00:00,873.31,1,35
ord_000740,user_00252,evt_00008882,2026-03-07 00:00:00,1331.66,0,25
ord_000741,user_00253,evt_00008891,2025-10-09 00:00:00,4356.38,1,35
ord_000742,user_00253,evt_00008897,2025-11-05 00:00:00,3618.2,0,45
ord_000743,user_00253,evt_00008924,2026-03-30 00:00:00,2917.34,0,35
ord_000744,user_00254,evt_00008944,2026-01-19 00:00:00,2149.12,1,60
ord_000745,user_00254,evt_00008957,2026-04-08 00:00:00,3708.76,0,35
ord_000746,user_00255,evt_00008974,2025-12-06 00:00:00,700.98,1,60
ord_000747,user_00255,evt_00008987,2026-02-02 00:00:00,1168.05,0,25
ord_000748,user_00255,evt_00008994,2026-03-02 00:00:00,700.63,0,25
ord_000749,user_00256,evt_00009024,2026-01-30 00:00:00,1378.12,1,35
ord_000750,user_00256,evt_00009032,2026-03-07 00:00:00,977.7,0,25
ord_000751,user_00257,evt_00009047,2025-12-18 00:00:00,902.9,1,25
ord_000752,user_00257,evt_00009051,2026-01-02 00:00:00,870.77,0,25
ord_000753,user_00257,evt_00009056,2026-01-16 00:00:00,2132.63,0,35
ord_000754,user_00257,evt_00009062,2026-04-04 00:00:00,1871.59,0,25
ord_000755,user_00258,evt_00009071,2025-10-31 00:00:00,564.65,1,35
ord_000756,user_00258,evt_00009072,2025-11-19 00:00:00,795.21,0,45
ord_000757,user_00258,evt_00009085,2026-02-28 00:00:00,701.95,0,45
ord_000758,user_00259,evt_00009119,2026-02-18 00:00:00,1030.71,1,25
ord_000759,user_00260,evt_00009129,2025-10-02 00:00:00,1285.91,1,25
ord_000760,user_00260,evt_00009132,2025-10-22 00:00:00,1843.28,0,90
ord_000761,user_00260,evt_00009144,2025-12-29 00:00:00,1600.17,0,35
ord_000762,user_00260,evt_00009147,2026-02-01 00:00:00,1719.3,0,45
ord_000763,user_00261,evt_00009162,2025-10-25 00:00:00,2281.93,1,45
ord_000764,user_00261,evt_00009173,2026-01-02 00:00:00,1324.38,0,45
ord_000765,user_00261,evt_00009176,2026-01-17 00:00:00,2499.86,0,35
ord_000766,user_00261,evt_00009183,2026-03-08 00:00:00,1955.97,0,45
ord_000767,user_00261,evt_00009188,2026-04-11 00:00:00,1797.83,0,35
ord_000768,user_00262,evt_00009193,2025-10-13 00:00:00,1452.67,1,25
ord_000769,user_00262,evt_00009195,2025-11-07 00:00:00,974.95,0,35
ord_000770,user_00262,evt_00009201,2026-01-23 00:00:00,610.74,0,60
ord_000771,user_00262,evt_00009206,2026-03-07 00:00:00,800.82,0,35
ord_000772,user_00263,evt_00009222,2025-10-18 00:00:00,1512.41,1,35
ord_000773,user_00265,evt_00009274,2025-11-10 00:00:00,278.82,1,25
ord_000774,user_00265,evt_00009288,2026-01-14 00:00:00,454.92,0,45
ord_000775,user_00265,evt_00009289,2026-01-29 00:00:00,1278.54,0,45
ord_000776,user_00265,evt_00009292,2026-02-07 00:00:00,495.48,0,35
ord_000777,user_00265,evt_00009304,2026-03-22 00:00:00,596.03,0,35
ord_000778,user_00266,evt_00009316,2025-11-03 00:00:00,1003.72,1,35
ord_000779,user_00266,evt_00009318,2025-11-18 00:00:00,698.35,0,25
ord_000780,user_00266,evt_00009319,2025-11-28 00:00:00,1720.77,0,35
ord_000781,user_00266,evt_00009334,2026-02-24 00:00:00,1003.9,0,60
ord_000782,user_00267,evt_00009350,2025-11-02 00:00:00,2119.83,1,25
ord_000783,user_00267,evt_00009372,2026-04-11 00:00:00,2235.53,0,35
ord_000784,user_00268,evt_00009402,2026-03-03 00:00:00,1816.65,1,25
ord_000785,user_00268,evt_00009408,2026-04-03 00:00:00,2051.56,0,60
ord_000786,user_00268,evt_00009412,2026-04-16 00:00:00,1955.88,0,35
ord_000787,user_00269,evt_00009418,2025-10-15 00:00:00,832.88,1,45
ord_000788,user_00269,evt_00009432,2026-01-07 00:00:00,442.89,0,45
ord_000789,user_00269,evt_00009437,2026-03-02 00:00:00,1145.31,0,25
ord_000790,user_00269,evt_00009450,2026-04-20 00:00:00,989.48,0,25
ord_000791,user_00269,evt_00009452,2026-04-25 00:00:00,831.67,0,35
ord_000792,user_00270,evt_00009465,2026-01-25 00:00:00,1985.95,1,45
ord_000793,user_00270,evt_00009478,2026-04-13 00:00:00,2252.13,0,45
ord_000794,user_00271,evt_00009502,2026-02-10 00:00:00,516.34,1,60
ord_000795,user_00271,evt_00009508,2026-04-04 00:00:00,839.05,0,35
ord_000796,user_00271,evt_00009511,2026-04-11 00:00:00,151.38,0,35
ord_000797,user_00272,evt_00009524,2025-12-16 00:00:00,476.96,1,35
ord_000798,user_00272,evt_00009526,2025-12-28 00:00:00,1287.3,0,25
ord_000799,user_00272,evt_00009533,2026-02-14 00:00:00,980.16,0,45
ord_000800,user_00275,evt_00009633,2025-12-29 00:00:00,1738.32,1,60
ord_000801,user_00275,evt_00009637,2026-01-26 00:00:00,1730.15,0,90
ord_000802,user_00275,evt_00009641,2026-03-04 00:00:00,1413.67,0,45
ord_000803,user_00277,evt_00009679,2025-11-09 00:00:00,1215.04,1,60
ord_000804,user_00277,evt_00009696,2026-03-06 00:00:00,824.16,0,90
ord_000805,user_00278,evt_00009716,2025-11-07 00:00:00,686.96,1,35
ord_000806,user_00278,evt_00009724,2025-12-15 00:00:00,879.11,0,60
ord_000807,user_00278,evt_00009738,2026-02-20 00:00:00,1336.86,0,35
ord_000808,user_00278,evt_00009747,2026-04-23 00:00:00,537.75,0,35
ord_000809,user_00279,evt_00009763,2026-02-09 00:00:00,1299.34,1,25
ord_000810,user_00280,evt_00009775,2025-11-09 00:00:00,1283.57,1,35
ord_000811,user_00280,evt_00009782,2025-12-09 00:00:00,577.28,0,45
ord_000812,user_00280,evt_00009793,2026-01-17 00:00:00,558.7,0,45
ord_000813,user_00280,evt_00009796,2026-03-09 00:00:00,880.14,0,25
ord_000814,user_00280,evt_00009800,2026-04-16 00:00:00,482.48,0,35
ord_000815,user_00281,evt_00009804,2025-10-29 00:00:00,874.46,1,25
ord_000816,user_00281,evt_00009826,2026-03-04 00:00:00,678.18,0,45
ord_000817,user_00281,evt_00009831,2026-04-06 00:00:00,641.53,0,35
ord_000818,user_00282,evt_00009839,2025-11-16 00:00:00,1746.98,1,45
ord_000819,user_00283,evt_00009876,2025-12-18 00:00:00,596.37,1,35
ord_000820,user_00283,evt_00009880,2025-12-26 00:00:00,1099.18,0,35
ord_000821,user_00283,evt_00009893,2026-03-28 00:00:00,1596.65,0,25
ord_000822,user_00284,evt_00009904,2025-11-18 00:00:00,493.43,1,35
ord_000823,user_00284,evt_00009905,2025-11-26 00:00:00,608.71,0,60
ord_000824,user_00284,evt_00009907,2025-12-24 00:00:00,596.83,0,60
ord_000825,user_00284,evt_00009914,2026-02-15 00:00:00,683.73,0,45
ord_000826,user_00287,evt_00010009,2025-11-01 00:00:00,1051.61,1,35
ord_000827,user_00287,evt_00010021,2026-01-10 00:00:00,1437.06,0,35
ord_000828,user_00288,evt_00010046,2025-10-10 00:00:00,1080.15,1,35
ord_000829,user_00288,evt_00010056,2025-11-26 00:00:00,739.3,0,45
ord_000830,user_00288,evt_00010074,2026-02-04 00:00:00,541.71,0,35
ord_000831,user_00289,evt_00010106,2025-11-07 00:00:00,2131.15,1,45
ord_000832,user_00289,evt_00010112,2025-12-04 00:00:00,2114.28,0,35
ord_000833,user_00289,evt_00010114,2025-12-13 00:00:00,1084.59,0,35
ord_000834,user_00289,evt_00010133,2026-03-05 00:00:00,2058.31,0,25
ord_000835,user_00290,evt_00010142,2025-10-18 00:00:00,1011.29,1,25
ord_000836,user_00290,evt_00010144,2025-10-26 00:00:00,954.41,0,25
ord_000837,user_00291,evt_00010185,2025-11-14 00:00:00,945.29,1,35
ord_000838,user_00291,evt_00010193,2025-11-28 00:00:00,1089.13,0,35
ord_000839,user_00291,evt_00010197,2025-12-30 00:00:00,917.78,0,35
ord_000840,user_00291,evt_00010200,2026-01-15 00:00:00,604.92,0,25
ord_000841,user_00291,evt_00010205,2026-03-07 00:00:00,605.7,0,25
ord_000842,user_00292,evt_00010232,2026-03-04 00:00:00,636.99,1,35
ord_000843,user_00293,evt_00010249,2025-11-08 00:00:00,1364.67,1,60
ord_000844,user_00293,evt_00010250,2025-11-10 00:00:00,1113.67,0,35
ord_000845,user_00293,evt_00010272,2026-03-19 00:00:00,1897.43,0,45
ord_000846,user_00293,evt_00010275,2026-03-24 00:00:00,1527.76,0,35
ord_000847,user_00294,evt_00010296,2026-01-08 00:00:00,780.82,1,35
ord_000848,user_00294,evt_00010318,2026-04-19 00:00:00,806.07,0,25
ord_000849,user_00294,evt_00010319,2026-04-20 00:00:00,1772.13,0,35
ord_000850,user_00295,evt_00010326,2025-11-10 00:00:00,1088.52,1,45
ord_000851,user_00295,evt_00010330,2025-12-12 00:00:00,842.49,0,60
ord_000852,user_00295,evt_00010333,2026-01-09 00:00:00,823.76,0,35
ord_000853,user_00295,evt_00010342,2026-03-18 00:00:00,936.07,0,45
ord_000854,user_00296,evt_00010351,2025-11-27 00:00:00,2330.64,1,90
ord_000855,user_00296,evt_00010353,2025-12-05 00:00:00,1858.41,0,25
ord_000856,user_00296,evt_00010365,2026-02-03 00:00:00,2056.39,0,45
ord_000857,user_00297,evt_00010382,2025-10-07 00:00:00,1953.43,1,35
ord_000858,user_00297,evt_00010390,2025-11-24 00:00:00,1830.35,0,35
ord_000859,user_00297,evt_00010402,2026-01-29 00:00:00,1342.73,0,25
ord_000860,user_00298,evt_00010431,2026-02-19 00:00:00,431.83,1,60
ord_000861,user_00298,evt_00010432,2026-02-23 00:00:00,651.51,0,45
ord_000862,user_00298,evt_00010437,2026-03-29 00:00:00,527.62,0,45
ord_000863,user_00300,evt_00010486,2025-10-27 00:00:00,1158.01,1,60
ord_000864,user_00300,evt_00010491,2025-11-22 00:00:00,973.71,0,35
ord_000865,user_00301,evt_00010526,2025-10-03 00:00:00,947.71,1,35
ord_000866,user_00301,evt_00010527,2025-10-06 00:00:00,1284.19,0,35
ord_000867,user_00301,evt_00010528,2025-10-13 00:00:00,870.73,0,45
ord_000868,user_00301,evt_00010530,2025-10-15 00:00:00,1188.36,0,35
ord_000869,user_00301,evt_00010542,2025-12-22 00:00:00,1004.25,0,25
ord_000870,user_00301,evt_00010543,2025-12-25 00:00:00,923.48,0,45
ord_000871,user_00301,evt_00010547,2026-01-18 00:00:00,1088.4,0,45
ord_000872,user_00302,evt_00010581,2026-02-08 00:00:00,1079.1,1,45
ord_000873,user_00303,evt_00010605,2025-10-25 00:00:00,872.87,1,25
ord_000874,user_00303,evt_00010623,2026-03-30 00:00:00,545.49,0,90
ord_000875,user_00304,evt_00010651,2026-04-24 00:00:00,1820.33,1,25
ord_000876,user_00305,evt_00010675,2026-01-13 00:00:00,2121.66,1,45
ord_000877,user_00305,evt_00010688,2026-04-05 00:00:00,1812.63,0,25
ord_000878,user_00305,evt_00010690,2026-04-13 00:00:00,1183.58,0,25
ord_000879,user_00306,evt_00010716,2026-01-27 00:00:00,854.54,1,60
ord_000880,user_00306,evt_00010728,2026-03-27 00:00:00,998.4,0,60
ord_000881,user_00306,evt_00010730,2026-04-07 00:00:00,1137.59,0,35
ord_000882,user_00307,evt_00010760,2026-03-25 00:00:00,1056.79,1,45
ord_000883,user_00308,evt_00010775,2025-11-14 00:00:00,2063.62,1,25
ord_000884,user_00308,evt_00010785,2025-12-08 00:00:00,1389.18,0,25
ord_000885,user_00308,evt_00010790,2026-01-24 00:00:00,1529.44,0,25
ord_000886,user_00309,evt_00010816,2025-10-11 00:00:00,4127.23,1,25
ord_000887,user_00309,evt_00010818,2025-10-21 00:00:00,3237.59,0,25
ord_000888,user_00309,evt_00010821,2025-11-14 00:00:00,1913.83,0,35
ord_000889,user_00309,evt_00010822,2025-11-19 00:00:00,2681.71,0,25
ord_000890,user_00309,evt_00010823,2025-11-21 00:00:00,2588.77,0,35
ord_000891,user_00309,evt_00010824,2025-11-30 00:00:00,2933.69,0,35
ord_000892,user_00309,evt_00010834,2026-01-26 00:00:00,2681.97,0,25
ord_000893,user_00309,evt_00010846,2026-03-30 00:00:00,3507.51,0,35
ord_000894,user_00312,evt_00010920,2025-12-09 00:00:00,630.32,1,35
ord_000895,user_00313,evt_00010950,2025-11-20 00:00:00,2221.63,1,25
ord_000896,user_00313,evt_00010975,2026-04-05 00:00:00,999.32,0,25
ord_000897,user_00314,evt_00010987,2025-12-27 00:00:00,819.44,1,35
ord_000898,user_00314,evt_00011005,2026-04-22 00:00:00,657.54,0,90
ord_000899,user_00315,evt_00011009,2025-10-07 00:00:00,1226.22,1,25
ord_000900,user_00315,evt_00011010,2025-10-09 00:00:00,1301.8,0,45
ord_000901,user_00315,evt_00011025,2026-01-02 00:00:00,1235.01,0,90
ord_000902,user_00315,evt_00011026,2026-01-07 00:00:00,1017.74,0,45
ord_000903,user_00315,evt_00011039,2026-03-18 00:00:00,371.04,0,25
ord_000904,user_00316,evt_00011044,2025-10-16 00:00:00,570.13,1,35
ord_000905,user_00316,evt_00011052,2025-11-06 00:00:00,570.43,0,45
ord_000906,user_00316,evt_00011055,2025-12-17 00:00:00,1379.34,0,35
ord_000907,user_00316,evt_00011058,2026-01-07 00:00:00,1105.46,0,90
ord_000908,user_00317,evt_00011083,2025-12-09 00:00:00,1633.77,1,25
ord_000909,user_00317,evt_00011087,2026-01-04 00:00:00,1046.38,0,25
ord_000910,user_00317,evt_00011097,2026-02-07 00:00:00,999.6,0,60
ord_000911,user_00318,evt_00011124,2026-01-14 00:00:00,988.16,1,45
ord_000912,user_00318,evt_00011136,2026-03-10 00:00:00,1056.71,0,45
ord_000913,user_00319,evt_00011151,2025-10-09 00:00:00,1345.92,1,35
ord_000914,user_00319,evt_00011177,2026-03-23 00:00:00,2883.7,0,35
ord_000915,user_00319,evt_00011185,2026-04-13 00:00:00,3015.99,0,90
ord_000916,user_00320,evt_00011203,2026-01-11 00:00:00,1053.29,1,25
ord_000917,user_00320,evt_00011222,2026-04-08 00:00:00,911.34,0,35
ord_000918,user_00321,evt_00011228,2025-10-01 00:00:00,669.14,1,25
ord_000919,user_00321,evt_00011236,2025-12-15 00:00:00,433.23,0,25
ord_000920,user_00321,evt_00011240,2025-12-25 00:00:00,1401.49,0,60
ord_000921,user_00321,evt_00011242,2026-01-12 00:00:00,1057.82,0,25
ord_000922,user_00322,evt_00011264,2025-12-25 00:00:00,964.41,1,45
ord_000923,user_00322,evt_00011267,2026-01-12 00:00:00,1167.69,0,25
ord_000924,user_00322,evt_00011283,2026-03-23 00:00:00,665.07,0,25
ord_000925,user_00322,evt_00011285,2026-04-02 00:00:00,825.96,0,45
ord_000926,user_00323,evt_00011298,2025-10-23 00:00:00,607.27,1,35
ord_000927,user_00323,evt_00011303,2025-11-20 00:00:00,496.74,0,45
ord_000928,user_00323,evt_00011333,2026-04-23 00:00:00,928.21,0,35
ord_000929,user_00324,evt_00011338,2025-11-06 00:00:00,1312.8,1,60
ord_000930,user_00324,evt_00011340,2025-12-01 00:00:00,1514.54,0,35
ord_000931,user_00324,evt_00011348,2026-02-02 00:00:00,1006.32,0,45
ord_000932,user_00324,evt_00011361,2026-04-08 00:00:00,1263.18,0,35
ord_000933,user_00324,evt_00011362,2026-04-14 00:00:00,1489.44,0,45
ord_000934,user_00325,evt_00011395,2026-03-11 00:00:00,801.93,1,25
ord_000935,user_00325,evt_00011401,2026-03-30 00:00:00,1697.98,0,35
ord_000936,user_00326,evt_00011430,2026-03-18 00:00:00,921.73,1,35
ord_000937,user_00327,evt_00011439,2025-10-31 00:00:00,2346.93,1,90
ord_000938,user_00327,evt_00011454,2026-01-27 00:00:00,2216.35,0,35
ord_000939,user_00327,evt_00011459,2026-02-13 00:00:00,3256.83,0,25
ord_000940,user_00327,evt_00011460,2026-02-19 00:00:00,4918.77,0,45
ord_000941,user_00327,evt_00011465,2026-03-03 00:00:00,3831.29,0,35
ord_000942,user_00327,evt_00011466,2026-03-03 00:00:00,2926.67,0,60
ord_000943,user_00327,evt_00011468,2026-03-09 00:00:00,2226.27,0,35
ord_000944,user_00328,evt_00011499,2026-04-21 00:00:00,743.17,1,35
ord_000945,user_00329,evt_00011501,2025-10-03 00:00:00,447.35,1,25
ord_000946,user_00329,evt_00011514,2025-11-17 00:00:00,615.47,0,25
ord_000947,user_00329,evt_00011534,2026-03-10 00:00:00,949.58,0,35
ord_000948,user_00330,evt_00011568,2026-03-07 00:00:00,1056.16,1,25
ord_000949,user_00331,evt_00011592,2025-11-29 00:00:00,1840.6,1,35
ord_000950,user_00331,evt_00011602,2026-01-29 00:00:00,1008.24,0,60
ord_000951,user_00331,evt_00011603,2026-02-07 00:00:00,1930.32,0,35
ord_000952,user_00332,evt_00011652,2026-03-20 00:00:00,615.3,1,35
ord_000953,user_00333,evt_00011667,2025-12-18 00:00:00,584.12,1,25
ord_000954,user_00333,evt_00011671,2025-12-29 00:00:00,1034.73,0,45
ord_000955,user_00333,evt_00011687,2026-03-28 00:00:00,945.57,0,45
ord_000956,user_00334,evt_00011701,2025-12-12 00:00:00,1278.91,1,25
ord_000957,user_00334,evt_00011705,2025-12-20 00:00:00,2214.34,0,35
ord_000958,user_00334,evt_00011722,2026-03-21 00:00:00,1748.49,0,35
ord_000959,user_00334,evt_00011726,2026-04-07 00:00:00,1461.55,0,45
ord_000960,user_00335,evt_00011754,2026-04-03 00:00:00,674.47,1,60
ord_000961,user_00336,evt_00011780,2026-03-09 00:00:00,2401.75,1,45
ord_000962,user_00336,evt_00011784,2026-03-27 00:00:00,1871.3,0,35
ord_000963,user_00337,evt_00011792,2025-10-13 00:00:00,1676.88,1,25
ord_000964,user_00337,evt_00011793,2025-10-23 00:00:00,1477.35,0,35
ord_000965,user_00337,evt_00011807,2025-12-17 00:00:00,1788.04,0,60
ord_000966,user_00337,evt_00011821,2026-03-14 00:00:00,2326.13,0,45
ord_000967,user_00338,evt_00011850,2026-01-27 00:00:00,1335.93,1,45
ord_000968,user_00338,evt_00011852,2026-02-03 00:00:00,583.02,0,35
ord_000969,user_00339,evt_00011870,2025-11-27 00:00:00,1580.09,1,25
ord_000970,user_00340,evt_00011889,2025-10-03 00:00:00,773.1,1,35
ord_000971,user_00340,evt_00011908,2026-02-03 00:00:00,897.84,0,25
ord_000972,user_00340,evt_00011916,2026-02-17 00:00:00,1033.17,0,90
ord_000973,user_00340,evt_00011917,2026-02-20 00:00:00,657.88,0,35
ord_000974,user_00341,evt_00011933,2025-10-12 00:00:00,1393.26,1,25
ord_000975,user_00341,evt_00011949,2026-01-01 00:00:00,1046.95,0,25
ord_000976,user_00341,evt_00011954,2026-02-23 00:00:00,1643.76,0,25
ord_000977,user_00341,evt_00011960,2026-04-13 00:00:00,2028.84,0,45
ord_000978,user_00341,evt_00011963,2026-04-16 00:00:00,1363.28,0,35
ord_000979,user_00342,evt_00011991,2026-03-18 00:00:00,1334.86,1,35
ord_000980,user_00343,evt_00012000,2025-10-17 00:00:00,965.0,1,25
ord_000981,user_00343,evt_00012003,2025-10-25 00:00:00,1165.31,0,35
ord_000982,user_00343,evt_00012005,2025-11-22 00:00:00,1103.02,0,35
ord_000983,user_00343,evt_00012013,2025-12-31 00:00:00,1359.81,0,35
ord_000984,user_00343,evt_00012014,2025-12-31 00:00:00,971.65,0,25
ord_000985,user_00343,evt_00012019,2026-01-23 00:00:00,1524.72,0,35
ord_000986,user_00343,evt_00012021,2026-02-02 00:00:00,1299.31,0,25
ord_000987,user_00343,evt_00012028,2026-03-15 00:00:00,842.67,0,25
ord_000988,user_00343,evt_00012031,2026-03-24 00:00:00,746.03,0,25
ord_000989,user_00343,evt_00012032,2026-04-05 00:00:00,1071.03,0,25
ord_000990,user_00343,evt_00012034,2026-04-11 00:00:00,1191.51,0,25
ord_000991,user_00344,evt_00012053,2025-12-30 00:00:00,425.5,1,35
ord_000992,user_00344,evt_00012054,2026-01-02 00:00:00,603.63,0,25
ord_000993,user_00344,evt_00012060,2026-02-11 00:00:00,1127.74,0,35
ord_000994,user_00344,evt_00012063,2026-02-21 00:00:00,1176.7,0,25
ord_000995,user_00344,evt_00012065,2026-02-28 00:00:00,1075.31,0,35
ord_000996,user_00344,evt_00012068,2026-03-23 00:00:00,739.89,0,35
ord_000997,user_00345,evt_00012082,2025-10-31 00:00:00,828.43,1,45
ord_000998,user_00346,evt_00012117,2025-11-11 00:00:00,584.91,1,25
ord_000999,user_00347,evt_00012148,2025-11-08 00:00:00,1519.87,1,25
ord_001000,user_00347,evt_00012166,2026-04-15 00:00:00,830.81,0,35
ord_001001,user_00348,evt_00012171,2025-10-19 00:00:00,1109.33,1,25
ord_001002,user_00348,evt_00012197,2026-03-26 00:00:00,870.85,0,35
ord_001003,user_00348,evt_00012202,2026-04-24 00:00:00,1045.59,0,45
ord_001004,user_00349,evt_00012219,2026-01-05 00:00:00,1537.31,1,35
ord_001005,user_00350,evt_00012251,2026-01-01 00:00:00,4111.58,1,90
ord_001006,user_00350,evt_00012259,2026-01-25 00:00:00,3744.16,0,45
ord_001007,user_00350,evt_00012271,2026-03-09 00:00:00,2561.21,0,25
ord_001008,user_00351,evt_00012297,2025-12-11 00:00:00,928.91,1,25
ord_001009,user_00352,evt_00012332,2025-11-09 00:00:00,771.34,1,25
ord_001010,user_00352,evt_00012354,2026-04-24 00:00:00,998.73,0,25
ord_001011,user_00353,evt_00012362,2025-11-09 00:00:00,811.07,1,35
ord_001012,user_00353,evt_00012375,2026-02-28 00:00:00,1015.86,0,60
ord_001013,user_00353,evt_00012383,2026-04-23 00:00:00,773.84,0,90
ord_001014,user_00354,evt_00012396,2026-01-05 00:00:00,857.21,1,60
ord_001015,user_00354,evt_00012399,2026-01-14 00:00:00,730.43,0,45
ord_001016,user_00355,evt_00012422,2026-01-07 00:00:00,2239.22,1,90
ord_001017,user_00355,evt_00012434,2026-03-16 00:00:00,1229.76,0,25
ord_001018,user_00355,evt_00012439,2026-04-14 00:00:00,1705.96,0,25
ord_001019,user_00356,evt_00012458,2025-12-19 00:00:00,816.82,1,25
ord_001020,user_00356,evt_00012460,2025-12-29 00:00:00,1011.93,0,35
ord_001021,user_00356,evt_00012463,2026-01-05 00:00:00,974.98,0,25
ord_001022,user_00356,evt_00012478,2026-04-11 00:00:00,476.19,0,35
ord_001023,user_00357,evt_00012512,2026-02-23 00:00:00,1858.38,1,35
ord_001024,user_00358,evt_00012524,2025-10-17 00:00:00,479.44,1,25
ord_001025,user_00358,evt_00012531,2025-11-18 00:00:00,1114.74,0,45
ord_001026,user_00358,evt_00012534,2025-12-08 00:00:00,317.48,0,35
ord_001027,user_00358,evt_00012539,2026-01-09 00:00:00,1023.91,0,25
ord_001028,user_00359,evt_00012564,2025-11-23 00:00:00,920.82,1,25
ord_001029,user_00359,evt_00012582,2026-02-28 00:00:00,863.26,0,35
ord_001030,user_00360,evt_00012596,2025-10-23 00:00:00,1479.74,1,25
ord_001031,user_00360,evt_00012597,2025-10-26 00:00:00,712.37,0,35
ord_001032,user_00360,evt_00012600,2025-11-21 00:00:00,2610.98,0,35
ord_001033,user_00361,evt_00012633,2025-10-05 00:00:00,2910.29,1,90
ord_001034,user_00361,evt_00012639,2025-11-11 00:00:00,1180.33,0,35
ord_001035,user_00361,evt_00012646,2025-12-19 00:00:00,2989.03,0,35
ord_001036,user_00361,evt_00012654,2026-01-13 00:00:00,1082.28,0,45
ord_001037,user_00361,evt_00012657,2026-02-02 00:00:00,1535.94,0,45
ord_001038,user_00362,evt_00012678,2025-10-23 00:00:00,2271.65,1,35
ord_001039,user_00362,evt_00012694,2026-02-02 00:00:00,2266.33,0,35
ord_001040,user_00362,evt_00012700,2026-03-25 00:00:00,1729.03,0,25
ord_001041,user_00363,evt_00012708,2025-10-12 00:00:00,559.46,1,60
ord_001042,user_00363,evt_00012711,2025-10-15 00:00:00,741.19,0,25
ord_001043,user_00363,evt_00012713,2025-10-23 00:00:00,870.71,0,45
ord_001044,user_00363,evt_00012729,2026-01-27 00:00:00,1306.27,0,45
ord_001045,user_00363,evt_00012739,2026-02-24 00:00:00,1067.66,0,25
ord_001046,user_00363,evt_00012741,2026-03-04 00:00:00,751.39,0,25
ord_001047,user_00363,evt_00012742,2026-03-17 00:00:00,615.8,0,25
ord_001048,user_00364,evt_00012756,2025-11-20 00:00:00,535.91,1,60
ord_001049,user_00364,evt_00012760,2025-12-21 00:00:00,1590.37,0,25
ord_001050,user_00364,evt_00012764,2026-01-19 00:00:00,1237.33,0,25
ord_001051,user_00364,evt_00012774,2026-03-19 00:00:00,932.96,0,60
ord_001052,user_00364,evt_00012780,2026-04-20 00:00:00,1171.66,0,45
ord_001053,user_00365,evt_00012783,2025-10-02 00:00:00,782.1,1,45
ord_001054,user_00365,evt_00012785,2025-10-14 00:00:00,617.19,0,45
ord_001055,user_00365,evt_00012803,2026-02-18 00:00:00,850.25,0,60
ord_001056,user_00365,evt_00012814,2026-04-08 00:00:00,903.49,0,35
ord_001057,user_00366,evt_00012818,2025-10-25 00:00:00,1989.68,1,35
ord_001058,user_00367,evt_00012858,2026-02-20 00:00:00,653.08,1,35
ord_001059,user_00368,evt_00012877,2025-10-29 00:00:00,431.98,1,45
ord_001060,user_00368,evt_00012886,2025-12-12 00:00:00,828.08,0,35
ord_001061,user_00368,evt_00012888,2025-12-30 00:00:00,816.63,0,25
ord_001062,user_00368,evt_00012897,2026-02-21 00:00:00,1344.44,0,60
ord_001063,user_00368,evt_00012902,2026-04-02 00:00:00,1121.96,0,60
ord_001064,user_00369,evt_00012930,2026-01-22 00:00:00,1260.62,1,25
ord_001065,user_00370,evt_00012948,2025-10-01 00:00:00,590.61,1,45
ord_001066,user_00371,evt_00012989,2025-11-19 00:00:00,1361.41,1,25
ord_001067,user_00371,evt_00012990,2025-11-21 00:00:00,1115.86,0,35
ord_001068,user_00371,evt_00012991,2025-11-25 00:00:00,2794.26,0,35
ord_001069,user_00371,evt_00013001,2026-02-27 00:00:00,1168.89,0,35
ord_001070,user_00372,evt_00013017,2025-11-06 00:00:00,1214.23,1,35
ord_001071,user_00373,evt_00013079,2026-02-17 00:00:00,936.8,1,45
ord_001072,user_00373,evt_00013089,2026-04-23 00:00:00,498.6,0,35
ord_001073,user_00374,evt_00013094,2025-11-14 00:00:00,681.71,1,35
ord_001074,user_00374,evt_00013099,2025-11-28 00:00:00,1073.68,0,25
ord_001075,user_00374,evt_00013101,2025-12-11 00:00:00,912.67,0,35
ord_001076,user_00374,evt_00013106,2026-01-06 00:00:00,922.87,0,25
ord_001077,user_00374,evt_00013114,2026-02-12 00:00:00,827.07,0,45
ord_001078,user_00374,evt_00013122,2026-03-27 00:00:00,703.22,0,35
ord_001079,user_00375,evt_00013129,2025-10-25 00:00:00,441.91,1,35
ord_001080,user_00376,evt_00013165,2025-12-10 00:00:00,1187.08,1,35
ord_001081,user_00376,evt_00013177,2026-01-24 00:00:00,1358.39,0,35
ord_001082,user_00377,evt_00013195,2025-10-03 00:00:00,917.18,1,35
ord_001083,user_00377,evt_00013198,2025-10-27 00:00:00,693.73,0,35
ord_001084,user_00377,evt_00013207,2025-12-19 00:00:00,879.89,0,45
ord_001085,user_00377,evt_00013212,2026-01-09 00:00:00,607.57,0,25
ord_001086,user_00377,evt_00013218,2026-02-12 00:00:00,558.79,0,35
ord_001087,user_00377,evt_00013222,2026-03-03 00:00:00,1030.91,0,35
ord_001088,user_00377,evt_00013223,2026-03-15 00:00:00,673.44,0,25
ord_001089,user_00377,evt_00013230,2026-03-31 00:00:00,1117.84,0,60
ord_001090,user_00378,evt_00013236,2025-10-23 00:00:00,913.06,1,35
ord_001091,user_00378,evt_00013242,2025-12-19 00:00:00,1408.75,0,45
ord_001092,user_00378,evt_00013250,2026-02-14 00:00:00,332.3,0,35
ord_001093,user_00379,evt_00013285,2026-02-22 00:00:00,1109.46,1,35
ord_001094,user_00379,evt_00013294,2026-04-05 00:00:00,944.63,0,45
ord_001095,user_00379,evt_00013299,2026-04-11 00:00:00,1039.76,0,35
ord_001096,user_00380,evt_00013319,2026-01-12 00:00:00,1567.21,1,25
ord_001097,user_00380,evt_00013323,2026-01-20 00:00:00,1768.09,0,45
ord_001098,user_00380,evt_00013333,2026-03-15 00:00:00,1003.19,0,25
ord_001099,user_00380,evt_00013334,2026-03-21 00:00:00,1621.99,0,90
ord_001100,user_00380,evt_00013336,2026-03-28 00:00:00,1352.8,0,35
ord_001101,user_00381,evt_00013356,2025-12-19 00:00:00,2665.11,1,25
ord_001102,user_00381,evt_00013370,2026-03-04 00:00:00,951.43,0,90
ord_001103,user_00382,evt_00013399,2026-02-14 00:00:00,1331.62,1,25
ord_001104,user_00383,evt_00013410,2025-10-24 00:00:00,733.39,1,45
ord_001105,user_00383,evt_00013414,2025-12-08 00:00:00,461.92,0,45
ord_001106,user_00384,evt_00013435,2025-10-13 00:00:00,689.56,1,25
ord_001107,user_00384,evt_00013440,2025-11-09 00:00:00,511.99,0,35
ord_001108,user_00384,evt_00013445,2025-12-20 00:00:00,764.4,0,35
ord_001109,user_00384,evt_00013453,2026-01-23 00:00:00,1024.7,0,90
ord_001110,user_00384,evt_00013466,2026-04-22 00:00:00,521.72,0,35
ord_001111,user_00385,evt_00013484,2025-12-07 00:00:00,248.57,1,35
ord_001112,user_00385,evt_00013501,2026-03-06 00:00:00,658.25,0,25
ord_001113,user_00385,evt_00013507,2026-04-23 00:00:00,956.93,0,45
ord_001114,user_00386,evt_00013541,2026-04-01 00:00:00,2793.9,1,60
ord_001115,user_00387,evt_00013547,2025-10-08 00:00:00,1012.12,1,60
ord_001116,user_00387,evt_00013548,2025-10-11 00:00:00,461.83,0,45
ord_001117,user_00387,evt_00013560,2025-12-13 00:00:00,566.05,0,60
ord_001118,user_00388,evt_00013594,2026-01-06 00:00:00,1381.56,1,35
ord_001119,user_00388,evt_00013597,2026-01-19 00:00:00,2027.43,0,45
ord_001120,user_00388,evt_00013600,2026-01-21 00:00:00,2027.46,0,35
ord_001121,user_00388,evt_00013606,2026-02-28 00:00:00,1378.25,0,25
ord_001122,user_00388,evt_00013607,2026-02-28 00:00:00,2067.0,0,25
ord_001123,user_00388,evt_00013614,2026-03-26 00:00:00,1248.61,0,60
ord_001124,user_00389,evt_00013634,2026-01-27 00:00:00,3823.04,1,45
ord_001125,user_00389,evt_00013648,2026-04-04 00:00:00,2542.52,0,45
ord_001126,user_00389,evt_00013649,2026-04-22 00:00:00,2794.15,0,35
ord_001127,user_00390,evt_00013666,2026-01-09 00:00:00,2626.13,1,35
ord_001128,user_00390,evt_00013674,2026-03-10 00:00:00,524.43,0,35
ord_001129,user_00390,evt_00013675,2026-03-17 00:00:00,1794.75,0,35
ord_001130,user_00391,evt_00013687,2025-12-19 00:00:00,1197.29,1,45
ord_001131,user_00391,evt_00013699,2026-03-05 00:00:00,1040.14,0,35
ord_001132,user_00391,evt_00013701,2026-03-19 00:00:00,812.33,0,60
ord_001133,user_00391,evt_00013703,2026-04-09 00:00:00,901.69,0,25
ord_001134,user_00391,evt_00013707,2026-04-23 00:00:00,550.12,0,45
ord_001135,user_00392,evt_00013717,2025-11-15 00:00:00,1501.13,1,35
ord_001136,user_00393,evt_00013751,2025-11-04 00:00:00,1070.66,1,25
ord_001137,user_00393,evt_00013770,2026-03-18 00:00:00,244.35,0,45
ord_001138,user_00393,evt_00013774,2026-04-07 00:00:00,1113.52,0,60
ord_001139,user_00394,evt_00013784,2025-10-23 00:00:00,465.55,1,25
ord_001140,user_00394,evt_00013799,2026-01-11 00:00:00,602.52,0,60
ord_001141,user_00395,evt_00013830,2026-01-04 00:00:00,808.36,1,35
ord_001142,user_00396,evt_00013857,2025-11-19 00:00:00,1097.85,1,35
ord_001143,user_00396,evt_00013883,2026-04-12 00:00:00,578.62,0,45
ord_001144,user_00397,evt_00013900,2026-01-12 00:00:00,1063.32,1,35
ord_001145,user_00398,evt_00013921,2025-10-27 00:00:00,218.73,1,45
ord_001146,user_00398,evt_00013934,2026-01-29 00:00:00,684.3,0,35
ord_001147,user_00398,evt_00013947,2026-04-26 00:00:00,1108.91,0,25
ord_001148,user_00399,evt_00013954,2025-10-23 00:00:00,693.84,1,45
ord_001149,user_00399,evt_00013965,2025-11-24 00:00:00,863.67,0,45
ord_001150,user_00399,evt_00013967,2025-12-05 00:00:00,1060.34,0,45
ord_001151,user_00400,evt_00013990,2025-10-02 00:00:00,1287.13,1,25
ord_001152,user_00400,evt_00014005,2026-01-14 00:00:00,747.66,0,25
ord_001153,user_00401,evt_00014026,2025-11-06 00:00:00,856.87,1,60
ord_001154,user_00401,evt_00014030,2025-11-20 00:00:00,851.64,0,45
ord_001155,user_00401,evt_00014044,2026-01-23 00:00:00,468.33,0,90
ord_001156,user_00401,evt_00014047,2026-02-09 00:00:00,897.42,0,90
ord_001157,user_00402,evt_00014086,2026-04-12 00:00:00,1431.94,1,25
ord_001158,user_00403,evt_00014097,2025-12-03 00:00:00,245.78,1,45
ord_001159,user_00403,evt_00014121,2026-03-25 00:00:00,933.85,0,35
ord_001160,user_00404,evt_00014129,2025-11-01 00:00:00,1782.49,1,90
ord_001161,user_00404,evt_00014132,2025-11-22 00:00:00,2934.0,0,35
ord_001162,user_00404,evt_00014151,2026-03-15 00:00:00,1493.74,0,45
ord_001163,user_00404,evt_00014154,2026-04-04 00:00:00,1344.44,0,35
ord_001164,user_00405,evt_00014179,2026-02-21 00:00:00,1058.46,1,35
ord_001165,user_00405,evt_00014190,2026-04-19 00:00:00,969.1,0,25
ord_001166,user_00407,evt_00014226,2025-11-16 00:00:00,2779.16,1,25
ord_001167,user_00407,evt_00014237,2026-02-10 00:00:00,3024.88,0,35
ord_001168,user_00408,evt_00014262,2026-01-04 00:00:00,1327.68,1,90
ord_001169,user_00408,evt_00014268,2026-02-27 00:00:00,1499.66,0,35
ord_001170,user_00409,evt_00014288,2025-11-22 00:00:00,1081.16,1,25
ord_001171,user_00409,evt_00014295,2026-01-16 00:00:00,675.77,0,45
ord_001172,user_00409,evt_00014311,2026-04-26 00:00:00,796.77,0,60
ord_001173,user_00410,evt_00014323,2025-12-18 00:00:00,978.14,1,25
ord_001174,user_00411,evt_00014381,2026-04-15 00:00:00,775.04,1,35
ord_001175,user_00412,evt_00014386,2025-10-19 00:00:00,1712.14,1,45
ord_001176,user_00412,evt_00014387,2025-10-25 00:00:00,1343.07,0,45
ord_001177,user_00412,evt_00014418,2026-04-21 00:00:00,1822.82,0,35
ord_001178,user_00413,evt_00014430,2025-12-13 00:00:00,884.58,1,35
ord_001179,user_00413,evt_00014454,2026-03-30 00:00:00,1648.91,0,35
ord_001180,user_00414,evt_00014482,2026-01-12 00:00:00,1710.3,1,35
ord_001181,user_00414,evt_00014484,2026-02-18 00:00:00,1741.36,0,25
ord_001182,user_00414,evt_00014498,2026-04-20 00:00:00,1903.95,0,45
ord_001183,user_00415,evt_00014500,2025-10-17 00:00:00,1325.67,1,35
ord_001184,user_00415,evt_00014509,2025-11-22 00:00:00,1044.03,0,35
ord_001185,user_00415,evt_00014511,2025-11-30 00:00:00,2329.19,0,60
ord_001186,user_00416,evt_00014534,2025-10-02 00:00:00,2290.22,1,60
ord_001187,user_00416,evt_00014550,2026-01-30 00:00:00,1469.94,0,35
ord_001188,user_00417,evt_00014579,2026-03-01 00:00:00,700.9,1,45
ord_001189,user_00417,evt_00014589,2026-04-11 00:00:00,973.68,0,25
ord_001190,user_00418,evt_00014595,2025-10-09 00:00:00,1253.66,1,35
ord_001191,user_00418,evt_00014621,2026-04-01 00:00:00,1748.03,0,35
ord_001192,user_00419,evt_00014627,2025-11-16 00:00:00,4264.34,1,45
ord_001193,user_00419,evt_00014653,2026-04-07 00:00:00,2706.0,0,45
ord_001194,user_00420,evt_00014677,2026-01-24 00:00:00,1129.54,1,35
ord_001195,user_00420,evt_00014689,2026-04-20 00:00:00,974.72,0,35
ord_001196,user_00422,evt_00014743,2026-01-02 00:00:00,1628.37,1,25
ord_001197,user_00422,evt_00014757,2026-04-22 00:00:00,1250.86,0,35
ord_001198,user_00423,evt_00014771,2025-12-06 00:00:00,943.35,1,60
ord_001199,user_00423,evt_00014772,2025-12-07 00:00:00,761.5,0,35
ord_001200,user_00423,evt_00014782,2026-02-04 00:00:00,811.7,0,45
ord_001201,user_00423,evt_00014789,2026-03-26 00:00:00,972.04,0,25
ord_001202,user_00424,evt_00014804,2025-11-21 00:00:00,670.3,1,25
ord_001203,user_00424,evt_00014812,2025-12-26 00:00:00,503.3,0,25
ord_001204,user_00424,evt_00014815,2026-01-08 00:00:00,726.23,0,60
ord_001205,user_00425,evt_00014838,2025-10-03 00:00:00,1742.52,1,45
ord_001206,user_00425,evt_00014842,2025-11-11 00:00:00,2252.85,0,45
ord_001207,user_00425,evt_00014871,2026-04-19 00:00:00,873.61,0,35
ord_001208,user_00426,evt_00014875,2025-10-08 00:00:00,1119.87,1,60
ord_001209,user_00426,evt_00014884,2025-12-05 00:00:00,962.51,0,60
ord_001210,user_00426,evt_00014899,2026-03-21 00:00:00,1002.98,0,35
ord_001211,user_00427,evt_00014913,2025-10-23 00:00:00,1113.98,1,35
ord_001212,user_00427,evt_00014916,2025-10-29 00:00:00,942.83,0,60
ord_001213,user_00427,evt_00014939,2026-03-06 00:00:00,914.21,0,25
ord_001214,user_00428,evt_00014962,2026-02-03 00:00:00,1306.33,1,25
ord_001215,user_00429,evt_00014989,2025-12-02 00:00:00,878.39,1,35
ord_001216,user_00429,evt_00015003,2026-01-28 00:00:00,769.98,0,60
ord_001217,user_00429,evt_00015013,2026-04-14 00:00:00,676.12,0,45
ord_001218,user_00430,evt_00015022,2025-10-25 00:00:00,1022.13,1,25
ord_001219,user_00430,evt_00015035,2026-01-28 00:00:00,2001.77,0,60
ord_001220,user_00430,evt_00015054,2026-04-21 00:00:00,334.04,0,45
ord_001221,user_00431,evt_00015058,2025-10-13 00:00:00,1280.69,1,35
ord_001222,user_00431,evt_00015062,2025-11-20 00:00:00,683.97,0,45
ord_001223,user_00431,evt_00015090,2026-03-07 00:00:00,962.4,0,25
ord_001224,user_00431,evt_00015093,2026-03-21 00:00:00,604.28,0,25
ord_001225,user_00432,evt_00015099,2025-10-07 00:00:00,846.78,1,45
ord_001226,user_00432,evt_00015106,2025-11-25 00:00:00,2447.36,0,25
ord_001227,user_00432,evt_00015111,2026-01-03 00:00:00,1839.28,0,45
ord_001228,user_00432,evt_00015121,2026-02-28 00:00:00,2175.46,0,35
ord_001229,user_00433,evt_00015147,2025-12-09 00:00:00,1268.86,1,25
ord_001230,user_00433,evt_00015167,2026-04-07 00:00:00,997.22,0,35
ord_001231,user_00434,evt_00015171,2025-10-03 00:00:00,1207.41,1,25
ord_001232,user_00434,evt_00015176,2025-10-29 00:00:00,2197.24,0,60
ord_001233,user_00435,evt_00015205,2025-11-14 00:00:00,1630.02,1,45
ord_001234,user_00435,evt_00015206,2025-11-19 00:00:00,2182.86,0,25
ord_001235,user_00435,evt_00015237,2026-04-21 00:00:00,1952.27,0,25
ord_001236,user_00436,evt_00015239,2025-10-10 00:00:00,29.68,1,25
ord_001237,user_00436,evt_00015243,2025-12-21 00:00:00,646.52,0,45
ord_001238,user_00437,evt_00015287,2026-04-09 00:00:00,1160.15,1,35
ord_001239,user_00438,evt_00015299,2025-12-05 00:00:00,1177.65,1,25
ord_001240,user_00440,evt_00015388,2026-02-04 00:00:00,1177.61,1,35
ord_001241,user_00441,evt_00015422,2026-03-31 00:00:00,1556.15,1,35
ord_001242,user_00442,evt_00015437,2025-11-12 00:00:00,1614.57,1,35
ord_001243,user_00442,evt_00015444,2025-12-21 00:00:00,808.05,0,35
ord_001244,user_00443,evt_00015476,2025-12-17 00:00:00,621.96,1,35
ord_001245,user_00443,evt_00015483,2026-01-14 00:00:00,904.2,0,25
ord_001246,user_00443,evt_00015484,2026-01-17 00:00:00,940.81,0,25
ord_001247,user_00444,evt_00015497,2025-10-14 00:00:00,774.3,1,35
ord_001248,user_00444,evt_00015498,2025-10-14 00:00:00,299.61,0,35
ord_001249,user_00444,evt_00015500,2025-10-17 00:00:00,949.96,0,25
ord_001250,user_00444,evt_00015502,2025-10-29 00:00:00,1212.73,0,25
ord_001251,user_00444,evt_00015513,2026-01-27 00:00:00,847.99,0,35
ord_001252,user_00444,evt_00015516,2026-02-14 00:00:00,446.67,0,45
ord_001253,user_00444,evt_00015521,2026-02-28 00:00:00,1192.88,0,45
ord_001254,user_00445,evt_00015562,2026-04-16 00:00:00,1547.21,1,45
ord_001255,user_00446,evt_00015591,2026-01-30 00:00:00,1322.68,1,35
ord_001256,user_00448,evt_00015646,2025-11-01 00:00:00,1489.72,1,45
ord_001257,user_00448,evt_00015665,2026-02-24 00:00:00,1234.11,0,35
ord_001258,user_00449,evt_00015685,2025-11-25 00:00:00,1161.96,1,45
ord_001259,user_00449,evt_00015688,2025-12-18 00:00:00,982.55,0,35
ord_001260,user_00449,evt_00015692,2026-01-11 00:00:00,1739.21,0,60
ord_001261,user_00449,evt_00015696,2026-02-10 00:00:00,852.34,0,35
ord_001262,user_00450,evt_00015714,2025-11-18 00:00:00,1068.01,1,45
ord_001263,user_00450,evt_00015717,2025-11-29 00:00:00,1612.07,0,35
ord_001264,user_00450,evt_00015720,2025-12-07 00:00:00,1512.41,0,45
ord_001265,user_00450,evt_00015722,2025-12-09 00:00:00,1843.98,0,25
ord_001266,user_00450,evt_00015729,2026-01-10 00:00:00,1534.22,0,25
ord_001267,user_00450,evt_00015730,2026-01-11 00:00:00,2069.7,0,35
ord_001268,user_00450,evt_00015740,2026-03-07 00:00:00,1211.49,0,25
ord_001269,user_00451,evt_00015751,2025-10-14 00:00:00,4188.09,1,25
ord_001270,user_00451,evt_00015764,2025-12-11 00:00:00,3070.41,0,35
ord_001271,user_00451,evt_00015772,2026-01-21 00:00:00,2869.64,0,60
ord_001272,user_00451,evt_00015774,2026-01-25 00:00:00,5674.09,0,45
ord_001273,user_00451,evt_00015785,2026-03-27 00:00:00,4019.69,0,45
ord_001274,user_00452,evt_00015792,2025-10-21 00:00:00,1028.6,1,25
ord_001275,user_00452,evt_00015795,2025-11-17 00:00:00,809.67,0,90
ord_001276,user_00453,evt_00015823,2025-10-04 00:00:00,1111.03,1,35
ord_001277,user_00453,evt_00015826,2025-10-27 00:00:00,518.37,0,25
ord_001278,user_00454,evt_00015854,2025-10-13 00:00:00,1016.52,1,25
ord_001279,user_00455,evt_00015894,2025-12-16 00:00:00,1239.24,1,35
ord_001280,user_00455,evt_00015896,2025-12-26 00:00:00,1462.48,0,45
ord_001281,user_00456,evt_00015911,2025-10-12 00:00:00,431.14,1,35
ord_001282,user_00456,evt_00015923,2025-12-12 00:00:00,923.0,0,25
ord_001283,user_00456,evt_00015924,2025-12-13 00:00:00,1224.86,0,60
ord_001284,user_00456,evt_00015937,2026-01-22 00:00:00,1211.86,0,25
ord_001285,user_00456,evt_00015943,2026-02-18 00:00:00,830.33,0,35
ord_001286,user_00456,evt_00015951,2026-03-11 00:00:00,841.17,0,35
ord_001287,user_00456,evt_00015954,2026-03-27 00:00:00,911.03,0,25
ord_001288,user_00458,evt_00016020,2026-03-20 00:00:00,1257.01,1,35
ord_001289,user_00459,evt_00016035,2025-12-31 00:00:00,2075.76,1,25
ord_001290,user_00460,evt_00016057,2025-11-17 00:00:00,900.27,1,35
ord_001291,user_00460,evt_00016059,2025-12-05 00:00:00,594.9,0,35
ord_001292,user_00460,evt_00016060,2025-12-06 00:00:00,677.51,0,35
ord_001293,user_00460,evt_00016072,2026-02-05 00:00:00,968.1,0,35
ord_001294,user_00460,evt_00016077,2026-03-01 00:00:00,596.2,0,35
ord_001295,user_00460,evt_00016078,2026-03-10 00:00:00,725.88,0,45
ord_001296,user_00461,evt_00016089,2025-11-04 00:00:00,1198.82,1,25
ord_001297,user_00462,evt_00016155,2026-04-19 00:00:00,1245.91,1,60
ord_001298,user_00462,evt_00016156,2026-04-19 00:00:00,992.63,0,25
ord_001299,user_00462,evt_00016158,2026-04-26 00:00:00,938.79,0,45
ord_001300,user_00463,evt_00016160,2025-10-26 00:00:00,1771.17,1,35
ord_001301,user_00463,evt_00016169,2025-12-11 00:00:00,1458.16,0,35
ord_001302,user_00463,evt_00016183,2026-03-05 00:00:00,1502.82,0,35
ord_001303,user_00464,evt_00016206,2025-12-24 00:00:00,1028.17,1,25
ord_001304,user_00464,evt_00016212,2026-01-27 00:00:00,552.88,0,25
ord_001305,user_00465,evt_00016239,2026-01-02 00:00:00,744.4,1,45
ord_001306,user_00465,evt_00016244,2026-02-06 00:00:00,604.26,0,45
ord_001307,user_00466,evt_00016268,2025-12-03 00:00:00,1177.29,1,35
ord_001308,user_00466,evt_00016283,2026-03-25 00:00:00,2186.49,0,35
ord_001309,user_00467,evt_00016299,2025-11-29 00:00:00,1376.67,1,45
ord_001310,user_00467,evt_00016303,2025-12-20 00:00:00,1680.16,0,60
ord_001311,user_00467,evt_00016305,2025-12-25 00:00:00,1568.5,0,45
ord_001312,user_00467,evt_00016315,2026-03-20 00:00:00,1946.14,0,45
ord_001313,user_00467,evt_00016317,2026-03-31 00:00:00,1162.95,0,35
ord_001314,user_00467,evt_00016321,2026-04-23 00:00:00,1385.9,0,35
ord_001315,user_00469,evt_00016359,2025-10-08 00:00:00,1265.72,1,25
ord_001316,user_00469,evt_00016361,2025-10-10 00:00:00,1059.67,0,25
ord_001317,user_00470,evt_00016396,2025-11-01 00:00:00,4253.83,1,35
ord_001318,user_00470,evt_00016413,2026-01-06 00:00:00,2974.15,0,90
ord_001319,user_00470,evt_00016427,2026-03-14 00:00:00,2205.4,0,45
ord_001320,user_00471,evt_00016443,2025-12-04 00:00:00,1938.58,1,35
ord_001321,user_00471,evt_00016446,2026-01-01 00:00:00,1454.94,0,35
ord_001322,user_00472,evt_00016484,2026-02-14 00:00:00,2325.37,1,25
ord_001323,user_00474,evt_00016526,2025-11-11 00:00:00,857.01,1,45
ord_001324,user_00474,evt_00016538,2025-12-28 00:00:00,731.66,0,35
ord_001325,user_00474,evt_00016541,2026-01-13 00:00:00,438.46,0,25
ord_001326,user_00474,evt_00016542,2026-01-18 00:00:00,934.49,0,35
ord_001327,user_00474,evt_00016543,2026-01-22 00:00:00,697.32,0,35
ord_001328,user_00474,evt_00016546,2026-01-28 00:00:00,825.34,0,35
ord_001329,user_00475,evt_00016574,2025-10-15 00:00:00,907.13,1,25
ord_001330,user_00475,evt_00016575,2025-10-22 00:00:00,1180.66,0,25
ord_001331,user_00475,evt_00016602,2026-04-05 00:00:00,941.97,0,25
ord_001332,user_00476,evt_00016613,2025-10-29 00:00:00,895.81,1,60
ord_001333,user_00476,evt_00016629,2026-02-10 00:00:00,678.78,0,35
ord_001334,user_00476,evt_00016630,2026-02-15 00:00:00,1115.95,0,35
ord_001335,user_00476,evt_00016635,2026-03-13 00:00:00,821.5,0,90
ord_001336,user_00476,evt_00016637,2026-03-23 00:00:00,999.63,0,35
ord_001337,user_00477,evt_00016652,2025-11-06 00:00:00,960.61,1,90
ord_001338,user_00477,evt_00016657,2025-11-12 00:00:00,1560.79,0,25
ord_001339,user_00477,evt_00016667,2026-01-23 00:00:00,1019.52,0,60
ord_001340,user_00477,evt_00016668,2026-02-05 00:00:00,1270.36,0,35
ord_001341,user_00477,evt_00016675,2026-03-14 00:00:00,529.71,0,60
ord_001342,user_00477,evt_00016677,2026-03-31 00:00:00,1035.0,0,35
ord_001343,user_00479,evt_00016717,2025-10-23 00:00:00,937.18,1,35
ord_001344,user_00479,evt_00016737,2026-02-18 00:00:00,482.89,0,25
ord_001345,user_00479,evt_00016748,2026-04-18 00:00:00,555.51,0,35
ord_001346,user_00479,evt_00016749,2026-04-23 00:00:00,674.05,0,25
ord_001347,user_00480,evt_00016759,2025-11-28 00:00:00,959.32,1,60
ord_001348,user_00480,evt_00016773,2026-02-05 00:00:00,841.62,0,25
ord_001349,user_00480,evt_00016781,2026-02-28 00:00:00,807.76,0,45
ord_001350,user_00481,evt_00016801,2025-11-29 00:00:00,1496.76,1,35
ord_001351,user_00481,evt_00016810,2026-01-06 00:00:00,2028.72,0,45
ord_001352,user_00482,evt_00016836,2025-11-17 00:00:00,1649.96,1,35
ord_001353,user_00482,evt_00016857,2026-04-01 00:00:00,57.79,0,25
ord_001354,user_00483,evt_00016882,2026-02-15 00:00:00,2422.98,1,35
ord_001355,user_00484,evt_00016922,2026-03-07 00:00:00,634.54,1,45
ord_001356,user_00485,evt_00016937,2025-10-10 00:00:00,940.27,1,35
ord_001357,user_00485,evt_00016951,2026-01-03 00:00:00,1188.83,0,45
ord_001358,user_00485,evt_00016961,2026-02-24 00:00:00,636.36,0,25
ord_001359,user_00485,evt_00016972,2026-04-10 00:00:00,827.18,0,45
ord_001360,user_00485,evt_00016974,2026-04-24 00:00:00,989.71,0,25
ord_001361,user_00486,evt_00016979,2025-11-08 00:00:00,1101.04,1,25
ord_001362,user_00486,evt_00016984,2025-12-24 00:00:00,929.92,0,45
ord_001363,user_00486,evt_00016995,2026-03-01 00:00:00,963.68,0,45
ord_001364,user_00487,evt_00017014,2025-12-04 00:00:00,862.74,1,35
ord_001365,user_00487,evt_00017017,2025-12-23 00:00:00,1152.83,0,25
ord_001366,user_00487,evt_00017033,2026-04-05 00:00:00,1559.12,0,90
ord_001367,user_00488,evt_00017069,2026-04-21 00:00:00,574.99,1,35
ord_001368,user_00489,evt_00017082,2026-01-04 00:00:00,1004.26,1,35
ord_001369,user_00490,evt_00017101,2025-10-23 00:00:00,938.86,1,35
ord_001370,user_00490,evt_00017114,2026-02-04 00:00:00,1282.23,0,25
ord_001371,user_00491,evt_00017127,2025-11-14 00:00:00,987.83,1,45
ord_001372,user_00491,evt_00017152,2026-03-05 00:00:00,1055.18,0,45
ord_001373,user_00491,evt_00017160,2026-04-13 00:00:00,709.69,0,35
ord_001374,user_00492,evt_00017168,2025-10-27 00:00:00,1396.8,1,25
ord_001375,user_00492,evt_00017171,2025-11-03 00:00:00,769.91,0,35
ord_001376,user_00492,evt_00017174,2025-11-22 00:00:00,1111.78,0,25
ord_001377,user_00493,evt_00017187,2025-10-08 00:00:00,546.67,1,25
ord_001378,user_00493,evt_00017188,2025-10-14 00:00:00,1367.11,0,35
ord_001379,user_00493,evt_00017199,2025-12-09 00:00:00,148.21,0,35
ord_001380,user_00493,evt_00017212,2026-02-19 00:00:00,849.65,0,35
ord_001381,user_00494,evt_00017227,2025-11-30 00:00:00,1485.86,1,35
ord_001382,user_00495,evt_00017251,2025-10-05 00:00:00,2070.93,1,25
ord_001383,user_00495,evt_00017255,2025-11-24 00:00:00,725.03,0,35
ord_001384,user_00495,evt_00017281,2026-04-12 00:00:00,2770.49,0,60
ord_001385,user_00496,evt_00017306,2026-03-06 00:00:00,843.35,1,45
ord_001386,user_00497,evt_00017331,2025-11-30 00:00:00,788.84,1,35
ord_001387,user_00497,evt_00017334,2025-12-13 00:00:00,1285.68,0,25
ord_001388,user_00497,evt_00017345,2026-02-18 00:00:00,901.69,0,90
ord_001389,user_00497,evt_00017353,2026-03-20 00:00:00,746.57,0,45
ord_001390,user_00498,evt_00017356,2025-10-09 00:00:00,352.19,1,25
ord_001391,user_00498,evt_00017379,2026-03-04 00:00:00,1028.79,0,25
ord_001392,user_00499,evt_00017402,2025-12-26 00:00:00,1573.77,1,35
ord_001393,user_00499,evt_00017415,2026-04-16 00:00:00,1086.0,0,25
